customer_id,first_name,last_name,email,phone_number,address,city,country,postal_code,loyalty_points
1,Natalie,Wheeler,nwheeler0@ucsd.edu,552-433-8480,081 8th Park,Huze,China,,305
2,Freeman,Waleworke,fwaleworke1@acquirethisname.com,433-346-8700,16820 Crescent Oaks Lane,Rząśnik,Poland,07-205,254
3,Lyell,Rolance,lrolance2@vimeo.com,320-203-5584,28210 Fair Oaks Court,Vallenar,Chile,,156
4,Marie-ann,Galey,mgaley3@psu.edu,485-685-9570,951 Grover Lane,Munggang,Indonesia,,769
5,Mildrid,Golland,mgolland4@usnews.com,606-107-4655,261 Amoth Hill,Barranquilla,Colombia,080020,837
6,Jamison,Brennenstuhl,jbrennenstuhl5@usgs.gov,205-899-8112,21 Bellgrove Street,Sattahip,Thailand,20180,65
7,Linzy,Eskriett,leskriett6@army.mil,217-855-9209,01966 Steensland Center,Roche-à-Bateau,Haiti,,449
8,Jessee,Van T'Hoog,jvanthoog7@tmall.com,732-134-5313,4499 Northport Hill,Kamaishi,Japan,409-2522,518
9,Kevin,Sleet,ksleet8@imdb.com,968-860-2543,02726 Crescent Oaks Drive,Nonsan,South Korea,,510
10,Mitchael,Tesimon,mtesimon9@ebay.co.uk,965-537-9534,733 Welch Alley,Roermond,Netherlands,6044,302
11,Erny,Ness,enessa@chronoengine.com,217-753-0875,86238 Lukken Point,Frisange,Luxembourg,L-5754,437
12,Marena,Scowen,mscowenb@webeden.co.uk,493-245-6733,35 Lyons Center,Bantian,China,,120
13,Lazaro,Bonny,lbonnyc@state.gov,176-664-9842,39 Washington Court,Kliteh,Indonesia,,848
14,Davidson,Lewry,dlewryd@sfgate.com,385-986-0287,732 Sachtjen Street,Caen,France,14058 CEDEX 4,392
15,Cori,Brion,cbrione@miitbeian.gov.cn,393-633-1258,14 Bunker Hill Center,Garajati,Indonesia,,475
16,Stillman,Vasilyev,svasilyevf@microsoft.com,732-754-4751,13567 Fuller Trail,Hutang,China,,657
17,Georgia,Halson,ghalsong@sitemeter.com,970-968-9790,54955 Fulton Lane,El Perico,Honduras,,510
18,Paolo,Rowell,prowellh@timesonline.co.uk,385-361-9570,64744 Bay Park,Werang,Indonesia,,496
19,Cordie,Checchetelli,cchecchetellii@trellian.com,492-178-5373,03114 Northwestern Court,Weiyuan,China,,658
20,Caz,Carass,ccarassj@etsy.com,296-408-5179,056 Charing Cross Circle,Luso,Portugal,3050-225,416
21,Dillon,Woolsey,dwoolseyk@exblog.jp,405-787-9073,597 Warrior Terrace,Oklahoma City,United States,73119,888
22,Brewster,Roubottom,broubottoml@bloglovin.com,675-429-7245,58 Village Green Road,Longtang,China,,650
23,Morganne,Wistance,mwistancem@indiegogo.com,395-511-0034,94 Express Avenue,Tríkala,Greece,,442
24,Roxie,Bourton,rbourtonn@arizona.edu,718-118-9027,702 Monument Trail,Gongchang Zhen,China,,634
25,Marilin,Borel,mborelo@utexas.edu,606-167-0575,63384 Tennyson Alley,Subic,Philippines,2209,340
26,Loni,Beeho,lbeehop@altervista.org,513-560-6152,133 Buell Plaza,Cincinnati,United States,45223,55
27,Clarence,Scottini,cscottiniq@eepurl.com,713-522-9783,6155 Hoepker Lane,Guaíra,Brazil,14790-000,328
28,Shoshana,Woltman,swoltmanr@hao123.com,544-730-6274,94 Lake View Way,Worcester,South Africa,6870,174
29,Elsi,Denyakin,edenyakins@sbwire.com,680-975-7030,721 Red Cloud Crossing,Takahata,Japan,992-0351,500
30,Benedikt,Clace,bclacet@ucsd.edu,984-646-0736,424 Brentwood Parkway,Sumberjo,Indonesia,,517
31,Annelise,Ninnoli,aninnoliu@addtoany.com,314-687-1803,45443 Hanover Place,Saint Louis,United States,63150,533
32,Ida,Deeson,ideesonv@miitbeian.gov.cn,127-792-1643,32979 Pleasure Place,Ipoh,Malaysia,30592,246
33,Moritz,Keenleyside,mkeenleysidew@opensource.org,382-951-3484,7 Village Green Crossing,Khenifra,Morocco,,957
34,Lyell,Jacombs,ljacombsx@archive.org,172-543-1205,80 Prentice Junction,Fujia,China,,307
35,Wyatt,Adamik,wadamiky@bigcartel.com,374-703-5004,7153 Summer Ridge Lane,Luoshan,China,,629
36,Peter,Jessett,pjessettz@deviantart.com,358-983-2011,26029 Florence Alley,Belén de los Andaquíes,Colombia,186018,526
37,Douglass,Stainbridge,dstainbridge10@hostgator.com,629-272-6283,8 Esch Place,Sumberagung,Indonesia,,511
38,Garrot,Darkins,gdarkins11@newyorker.com,195-106-3420,709 Meadow Valley Plaza,Opochka,Russia,182333,783
39,Violetta,Abernethy,vabernethy12@gravatar.com,548-464-0889,681 Onsgard Avenue,Nobeoka,Japan,882-0877,759
40,Angel,Keddey,akeddey13@dyndns.org,218-413-1625,9 Pawling Road,Kuzhu,China,,965
41,Korella,Feveryear,kfeveryear14@google.com,166-854-0036,3385 Karstens Lane,Wonotirto,Indonesia,,589
42,Rosalynd,Yewdale,ryewdale15@cisco.com,634-812-6558,18087 Arizona Street,Potelych,Ukraine,,755
43,Leeland,Corre,lcorre16@weather.com,420-778-8950,6557 Delladonna Junction,Valenciennes,France,59304 CEDEX,636
44,Sephira,Harkess,sharkess17@va.gov,366-161-2864,6936 Ilene Park,Noyal-sur-Vilaine,France,35538 CEDEX,279
45,Gibb,Guerola,gguerola18@ucoz.com,177-790-5295,665 Little Fleur Road,Osorno,Chile,,806
46,Skippy,Reisk,sreisk19@1688.com,522-985-6360,307 Hansons Point,Mianhu,China,,904
47,Candide,Aikett,caikett1a@shinystat.com,450-794-4235,813 Derek Street,Halmstad,Sweden,302 50,210
48,Ailina,Beers,abeers1b@angelfire.com,120-914-3375,1 Claremont Plaza,Orangeville,Canada,T1J,529
49,Zebulon,McNysche,zmcnysche1c@answers.com,124-671-1017,41 Mccormick Point,Kleszczewo,Poland,63-005,288
50,Jolene,Nott,jnott1d@devhub.com,423-465-6433,239 Fremont Drive,Tha Ruea,Thailand,13130,961
51,Reggy,Skough,rskough1e@gnu.org,634-791-5918,7 Vahlen Pass,Balakhninskiy,Russia,666921,695
52,Dalston,Marcos,dmarcos1f@utexas.edu,956-130-2683,8158 Reindahl Place,San Nicolás,Honduras,,806
53,Marillin,Treharne,mtreharne1g@ibm.com,714-693-5616,9 Di Loreto Pass,Ramón Castilla,Peru,,791
54,Anastasia,Dow,adow1h@smugmug.com,173-509-0870,61 Elka Point,Rosso,Mauritania,,489
55,Charleen,Kenworthey,ckenworthey1i@feedburner.com,626-817-9344,3 Shasta Circle,Monino,Russia,142450,209
56,Willabella,Rapson,wrapson1j@java.com,657-185-5180,1118 Mcguire Plaza,Tacuatí,Paraguay,,511
57,Gwynne,Garrit,ggarrit1k@tinyurl.com,114-450-1038,47 John Wall Park,Wuṯahpūr,Afghanistan,,379
58,Othello,Skule,oskule1l@dailymotion.com,643-708-9726,3603 Kedzie Pass,Oju,Nigeria,,494
59,Bert,Knowler,bknowler1m@shinystat.com,203-219-4504,79792 Kinsman Center,Nārang,Pakistan,39051,617
60,Godiva,Dalrymple,gdalrymple1n@wix.com,995-810-0380,50 Veith Center,Karinë,Albania,,473
61,Cobbie,Zimmermanns,czimmermanns1o@uiuc.edu,663-114-7116,7160 Prairie Rose Street,Perosinho,Portugal,4415-005,724
62,Rob,Shinn,rshinn1p@sina.com.cn,113-741-2530,69 Service Alley,Chakwāl,Pakistan,24421,358
63,Cleo,Cowely,ccowely1q@marriott.com,694-837-9189,5635 Spaight Hill,Dalian,China,,33
64,Jody,Addionisio,jaddionisio1r@wikia.com,681-443-2781,71 Kennedy Street,Malalag,Philippines,8010,72
65,Charley,Hrus,chrus1s@addtoany.com,196-990-9951,521 Manley Place,Pateh Sam,Gambia,,769
66,Helge,Sharpous,hsharpous1t@webmd.com,921-327-6230,32 Bellgrove Point,Maués,Brazil,69190-000,443
67,Anna,Beers,abeers1u@time.com,941-495-9094,0 Leroy Pass,Horní Bečva,Czech Republic,756 57,640
68,Sisely,Gohier,sgohier1v@nationalgeographic.com,134-563-4608,354 Dahle Court,Comrat,Moldova,MD-5354,622
69,Prentiss,Coupman,pcoupman1w@imageshack.us,936-460-1028,675 Michigan Street,Ngoc Hon Doc,Vietnam,,475
70,Nani,Millam,nmillam1x@deliciousdays.com,171-912-2049,66 Kedzie Plaza,Martil,Morocco,,856
71,Gwenora,Badsworth,gbadsworth1y@ocn.ne.jp,128-172-5536,65437 Moland Alley,Dūst Moḩammad Khān,Iran,,538
72,Sumner,Hagley,shagley1z@nps.gov,693-708-8431,1 Victoria Place,Zilupe,Latvia,,813
73,Paco,Caplen,pcaplen20@chicagotribune.com,465-944-1428,99779 Michigan Circle,Anyuan,China,,876
74,Tymon,Tonner,ttonner21@tripadvisor.com,792-343-7124,04 Pawling Way,Tororo,Uganda,,10
75,Nataline,MacAnellye,nmacanellye22@skype.com,654-280-8711,6410 Logan Parkway,Návsí u Jablunkova,Czech Republic,739 97,836
76,Gallagher,Hattam,ghattam23@phpbb.com,856-632-0255,8576 Huxley Lane,Visby,Sweden,621 90,311
77,Zulema,Ivetts,zivetts24@phoca.cz,346-385-3749,3 Hanover Park,Rääkkylä,Finland,82301,176
78,Marco,Mateescu,mmateescu25@whitehouse.gov,676-134-9623,153 Debs Parkway,Kedungreja,Indonesia,,986
79,Alix,Coard,acoard26@rakuten.co.jp,116-686-5525,1654 Fisk Terrace,Jevišovice,Czech Republic,671 53,611
80,Theadora,Shingler,tshingler27@ehow.com,357-368-6237,68736 Sage Hill,Trosa,Sweden,619 35,110
81,Reeva,Wasson,rwasson28@ed.gov,924-375-2461,4485 Ohio Way,Luci,China,,491
82,Nanette,Glaves,nglaves29@blogger.com,194-439-1238,9047 Sage Hill,Papakura,New Zealand,2113,93
83,Elwyn,Millis,emillis2a@ucla.edu,748-229-3373,567 Pawling Alley,Oenam,Indonesia,,114
84,Worthington,O'Sherin,wosherin2b@guardian.co.uk,140-411-4208,28 Walton Pass,Smederevo,Serbia,,981
85,Gregorius,Garstang,ggarstang2c@zdnet.com,535-828-6039,32633 Longview Parkway,Grenoble,France,38030 CEDEX 2,835
86,Binny,Teasey,bteasey2d@berkeley.edu,569-743-4791,1179 Barby Plaza,Laliki,Poland,04-358,24
87,Loella,Muddicliffe,lmuddicliffe2e@bizjournals.com,221-855-2943,9716 Manufacturers Crossing,Lis,Albania,,401
88,Milka,Charrett,mcharrett2f@statcounter.com,881-535-7558,5 Dakota Pass,Město Albrechtice,Czech Republic,793 95,942
89,Stacee,Smorthit,ssmorthit2g@rediff.com,689-206-9679,1 Village Green Point,Masty,Belarus,,489
90,Lockwood,Dregan,ldregan2h@mozilla.org,936-817-6295,6350 Briar Crest Place,Łękawica,Poland,34-321,664
91,Brear,Woodison,bwoodison2i@vimeo.com,480-760-4273,24806 Westridge Street,Saint-Leu-la-Forêt,France,95324 CEDEX,711
92,Ives,Umbert,iumbert2j@list-manage.com,492-542-2654,3005 Morning Center,Oslo,Norway,0323,698
93,Eb,Sherel,esherel2k@mac.com,960-398-7390,92427 Westridge Crossing,Allen,Argentina,8328,34
94,Gardner,Derell,gderell2l@mozilla.com,344-533-3070,94 Portage Plaza,Ferdinandovac,Croatia,48356,88
95,Camille,Bromhead,cbromhead2m@purevolume.com,950-477-8746,13265 Drewry Hill,Maebaru,Japan,865-0126,917
96,Irvine,Arno,iarno2n@google.de,765-662-2589,82677 Manufacturers Alley,Kvasiny,Czech Republic,517 02,467
97,Brina,Lund,blund2o@facebook.com,100-803-8524,14 Lake View Parkway,Lirung,Indonesia,,864
98,Ilaire,Marcroft,imarcroft2p@amazon.com,413-511-7827,428 Hoffman Terrace,Cruzília,Brazil,37445-000,949
99,Mauricio,Kenneway,mkenneway2q@360.cn,227-606-6294,9136 Lillian Point,Pār Naogaon,Bangladesh,9202,631
100,Alvie,Jory,ajory2r@ning.com,440-478-5133,0959 Steensland Hill,Kstovo,Russia,607676,176
101,Randie,Clinch,rclinch2s@issuu.com,270-763-3140,107 Burning Wood Lane,Wuyo,Nigeria,,490
102,Cary,Moxham,cmoxham2t@shinystat.com,503-486-5128,236 Spaight Drive,Ruen,Bulgaria,8542,122
103,Lexi,Ruckman,lruckman2u@google.nl,339-224-9168,38 Old Gate Plaza,Xiangzikou,China,,688
104,Doroteya,Bloxsome,dbloxsome2v@imdb.com,921-197-8226,454 Dakota Center,Kresek,Indonesia,,908
105,Gradey,Borles,gborles2w@dailymail.co.uk,943-820-3015,1 Sundown Court,Bastia,France,20403 CEDEX,263
106,Jemmy,Jepp,jjepp2x@bandcamp.com,775-281-0984,44 Weeping Birch Plaza,Ouro Branco,Brazil,59347-000,795
107,Rikki,Wynrehame,rwynrehame2y@topsy.com,687-961-0204,2633 Vernon Center,Zhuangshi,China,,298
108,Roderick,Duffell,rduffell2z@europa.eu,221-469-5666,6 Bunker Hill Circle,Gurgurnica,Macedonia,7314,529
109,Alejandra,Wederell,awederell30@ucoz.com,226-588-3898,34 Lillian Junction,Replot,Finland,94830,586
110,Melosa,Yesson,myesson31@1und1.de,755-428-5790,80 Lindbergh Drive,Cherkasskoye,Russia,412954,829
111,Merell,Frissell,mfrissell32@google.com,223-984-3517,7830 Glendale Street,Georgīevka,Kazakhstan,,853
112,Bernete,Vamplew,bvamplew33@vkontakte.ru,271-464-5865,29842 4th Drive,Canalete,Colombia,235048,471
113,Madeline,Borge,mborge34@craigslist.org,551-550-8887,7 Artisan Point,Tongxing,China,,355
114,Audrye,Galbreath,agalbreath35@google.nl,817-606-6851,00326 Anderson Pass,Qiqian,China,,296
115,Eugene,Collick,ecollick36@psu.edu,743-134-9281,38529 Anhalt Junction,Privodino,Russia,165391,537
116,Emmerich,Booeln,ebooeln37@wisc.edu,720-351-0432,40 Lakewood Parkway,Purabaya,Indonesia,,776
117,Sayer,Woodhouse,swoodhouse38@nydailynews.com,964-756-5193,246 Lighthouse Bay Circle,Peña Blanca,Honduras,,53
118,Rafaello,Dunk,rdunk39@alexa.com,312-427-8172,6124 Montana Street,Mikołów,Poland,43-196,751
119,Prudence,Shuttleworth,pshuttleworth3a@tumblr.com,221-397-6961,7 Center Plaza,Baguio,Philippines,2600,351
120,Cookie,Picot,cpicot3b@plala.or.jp,370-166-2999,3451 Blaine Trail,Nishor,Kosovo,,107
121,Mechelle,Garrett,mgarrett3c@home.pl,695-672-5847,598 West Way,Yangzi,China,,762
122,Cati,Diament,cdiament3d@ihg.com,469-937-6392,448 Oneill Avenue,Aix-en-Provence,France,13792 CEDEX 3,46
123,Penrod,Lyston,plyston3e@privacy.gov.au,276-990-0710,62 Rigney Alley,Guadalupe,Mexico,78786,0
124,Rosanna,Joberne,rjoberne3f@live.com,420-904-2594,27137 Vermont Circle,Aglipay,Philippines,3403,1000
125,Hana,MacKeever,hmackeever3g@hostgator.com,960-922-0082,9506 Jackson Court,Longtang,China,,101
126,Mehetabel,Conkay,mconkay3h@addthis.com,405-552-3463,34 Crownhardt Avenue,Bongor,Chad,,401
127,Ashely,Teresia,ateresia3i@usatoday.com,422-985-1559,4733 Union Trail,Nowshera,Pakistan,43261,567
128,Gertrudis,McComb,gmccomb3j@xinhuanet.com,640-105-3862,4 5th Pass,Tornio,Finland,95590,511
129,Alameda,Guterson,aguterson3k@vk.com,855-240-5288,4 Green Ridge Plaza,Sumbe,Angola,,683
130,Bria,Upsale,bupsale3l@cocolog-nifty.com,177-723-1370,04445 Garrison Crossing,Aoqian,China,,891
131,Jo ann,Moyle,jmoyle3m@sphinn.com,871-652-4621,44589 Tennyson Junction,Malasin,Philippines,3707,728
132,Bryan,Bartolommeo,bbartolommeo3n@japanpost.jp,824-580-7516,0 Jenna Lane,Cafayate,Argentina,4427,255
133,Aldridge,Ramplee,aramplee3o@biblegateway.com,214-769-6431,46 Morrow Circle,Dallas,United States,75277,556
134,Osbert,Poxson,opoxson3p@sina.com.cn,883-824-6966,57174 Swallow Park,Kisai,Japan,347-0105,6
135,Sayers,Wall,swall3q@dell.com,787-217-5261,0 Dovetail Center,Alīgūdarz,Iran,,125
136,Olimpia,Sleath,osleath3r@drupal.org,933-324-8386,6 Darwin Street,Chaihe,China,,342
137,Demetris,Morison,dmorison3s@zimbio.com,712-181-0099,0 Canary Place,Mulleriyawa,Sri Lanka,10600,575
138,Alexandr,Crawshay,acrawshay3t@noaa.gov,197-589-8869,769 Thackeray Trail,Thanh Ba,Vietnam,,832
139,Clare,McLucas,cmclucas3u@gizmodo.com,569-524-7747,26 Judy Pass,Esquipulas,Guatemala,20007,470
140,Arlyn,Hanson,ahanson3v@vk.com,633-818-6003,72 Charing Cross Parkway,Talisayan,Philippines,9012,408
141,Chuck,Pendrick,cpendrick3w@nationalgeographic.com,651-509-2409,35 Hollow Ridge Plaza,Darkūsh,Syria,,57
142,Kittie,Giovannilli,kgiovannilli3x@japanpost.jp,917-816-0791,04570 Darwin Court,Ubaté,Colombia,250437,418
143,Archibald,Hebbard,ahebbard3y@biblegateway.com,878-186-3360,12052 Calypso Parkway,Kuala Terengganu,Malaysia,20551,804
144,Giacopo,Skinner,gskinner3z@studiopress.com,892-854-9611,8 Kenwood Point,Dolores,Uruguay,,246
145,Eilis,Baldacco,ebaldacco40@utexas.edu,883-855-0934,451 Warner Trail,Viengxay,Laos,,492
146,Cesaro,Silverstone,csilverstone41@mac.com,904-813-5340,18 Fisk Plaza,Ihosy,Madagascar,,537
147,Belvia,Madill,bmadill42@irs.gov,896-590-9455,3169 Memorial Trail,Kalāt-e Nāderī,Iran,,89
148,Kiah,Jackes,kjackes43@wp.com,198-167-0088,85872 Bowman Circle,Heba,China,,727
149,Erwin,Bolles,ebolles44@google.com.au,523-510-6279,930 Hoffman Crossing,Fleury-les-Aubrais,France,45404 CEDEX,136
150,Avictor,Lye,alye45@eventbrite.com,968-270-2016,73427 Heath Road,Combapata,Peru,,116
151,Carol,Flancinbaum,cflancinbaum46@mac.com,662-859-6092,9699 Heffernan Place,Créteil,France,94039 CEDEX,556
152,Petronille,Cormode,pcormode47@163.com,145-299-4640,1 Westridge Center,Rurrenabaque,Bolivia,,582
153,Tonia,Egle of Germany,tegleofgermany48@thetimes.co.uk,223-257-0279,0 Debs Terrace,Bealanana,Madagascar,,300
154,Evyn,Billingsley,ebillingsley49@mit.edu,863-675-9812,65869 Grasskamp Drive,Santa Cruz de El Seibo,Dominican Republic,10905,195
155,Deny,Gong,dgong4a@chron.com,316-780-5335,039 Continental Plaza,Constantia,South Africa,7806,277
156,Oliver,Bertlin,obertlin4b@theguardian.com,366-511-3194,945 Clarendon Circle,Soavinandriana,Madagascar,,493
157,Ashia,Davidson,adavidson4c@tripod.com,668-166-3621,0 Loeprich Hill,Debre Mark’os,Ethiopia,,58
158,Rad,Carlisle,rcarlisle4d@soup.io,889-142-8508,3 Goodland Court,Santa Cruz del Sur,Cuba,,222
159,Frants,Blade,fblade4e@ucla.edu,975-193-2500,62502 Charing Cross Terrace,Shuangfeng,China,,121
160,Delmore,Pellew,dpellew4f@narod.ru,216-329-1372,2393 Mayfield Point,Cabalaoangan,Philippines,2446,517
161,Chrystel,Cottel,ccottel4g@reverbnation.com,457-960-7199,4 Riverside Court,Ialibu,Papua New Guinea,,839
162,Binny,Rockey,brockey4h@usnews.com,669-598-6269,3 East Center,Bagong Sikat,Philippines,4903,543
163,Patti,Comino,pcomino4i@shareasale.com,149-209-4878,6911 Crowley Avenue,Uummannaq,Greenland,3961,358
164,Susann,Fursland,sfursland4j@techcrunch.com,710-805-9827,9 Fisk Crossing,Las Lomas,Panama,,82
165,Iago,Brimfield,ibrimfield4k@goo.gl,535-998-2746,0 Mendota Park,Kinkala,Republic of the Congo,,629
166,Denise,Charville,dcharville4l@npr.org,136-583-7116,0809 Cherokee Circle,Shanmuqiao,China,,505
167,Janette,Blomfield,jblomfield4m@usnews.com,837-657-5444,045 East Way,Banjing,China,,787
168,Renaud,Phippen,rphippen4n@imageshack.us,879-905-1558,00 Browning Park,Antopal’,Belarus,,339
169,Dulciana,Jarrette,djarrette4o@spiegel.de,327-279-7469,8 Algoma Avenue,Qingshuihe,China,,191
170,Tab,Arnal,tarnal4p@washingtonpost.com,736-307-9973,986 Dawn Parkway,Pingtang,China,,432
171,Klement,Colt,kcolt4q@sogou.com,282-682-5383,4 Declaration Circle,Chengdong,China,,628
172,Nealson,Rollingson,nrollingson4r@foxnews.com,694-251-3643,34960 Larry Plaza,Karanganyar,Indonesia,,170
173,Huntington,Furminger,hfurminger4s@squidoo.com,680-277-9182,75296 Calypso Road,San Rafael Abajo,Costa Rica,10311,377
174,Olin,Cummine,ocummine4t@yahoo.com,216-381-2399,9 Eastlawn Parkway,Richibucto,Canada,E4W,809
175,Glori,Quinn,gquinn4u@about.me,852-135-2053,9747 Scoville Trail,Mengxi,China,,907
176,Adrianne,Dorcey,adorcey4v@ebay.co.uk,807-447-5389,0939 Sauthoff Junction,Río Blanco,Nicaragua,,812
177,Corny,Laroux,claroux4w@hostgator.com,838-247-5855,10 5th Trail,Longshi,China,,968
178,Loni,Albury,lalbury4x@sfgate.com,950-714-9870,7178 Bultman Center,Mouriscas,Portugal,2200-706,437
179,Barnabas,Jozsef,bjozsef4y@buzzfeed.com,488-979-8508,018 Trailsway Trail,Gandu,Brazil,45450-000,93
180,Laurent,Quan,lquan4z@who.int,483-191-3401,52385 Maple Trail,Le Mans,France,72029 CEDEX 2,302
181,Ambrosio,Denziloe,adenziloe50@bloglovin.com,161-504-8309,04275 Sage Crossing,El Valle del Espíritu Santo,Venezuela,,418
182,Eugen,Gillise,egillise51@vkontakte.ru,783-556-9977,32 Pepper Wood Park,Quezalguaque,Nicaragua,,466
183,Kaleb,Ritchard,kritchard52@theglobeandmail.com,862-483-8901,44 Kennedy Parkway,Changbu,China,,648
184,Lyon,Pasterfield,lpasterfield53@ustream.tv,458-950-0251,80 4th Lane,Obihiro,Japan,652-0837,792
185,Normand,Schimek,nschimek54@free.fr,691-296-3395,286 Forster Parkway,Bajing,China,,123
186,Ansel,Everist,aeverist55@npr.org,738-471-3935,9579 Warner Parkway,Jiaotang,China,,556
187,Noreen,Torvey,ntorvey56@youtu.be,847-538-5071,0 Eagan Trail,Huangqu,China,,786
188,Marcelline,Lingley,mlingley57@exblog.jp,659-445-1241,06 Grover Center,São Paio Merelim,Portugal,4700-837,82
189,Kirby,Mayall,kmayall58@ox.ac.uk,719-839-9366,4374 Division Hill,Bojszowy Nowe,Poland,43-220,247
190,Netta,Hyam,nhyam59@unblog.fr,767-385-8318,0867 Nevada Road,Guernica,Argentina,1862,602
191,Gran,Vasse,gvasse5a@bloglines.com,135-977-4143,6 Dixon Lane,Santa Rosa del Sara,Bolivia,,753
192,Townsend,Sendall,tsendall5b@mail.ru,967-896-4315,6177 Bayside Junction,Nemuro,Japan,321-2342,197
193,Wrennie,Wilkerson,wwilkerson5c@4shared.com,628-211-3818,35 Rutledge Alley,Adil Makmur,Indonesia,,855
194,Nev,Mullord,nmullord5d@globo.com,592-749-7529,1 Oriole Avenue,Nova Praha,Ukraine,,36
195,Reginauld,Morsley,rmorsley5e@google.co.jp,440-982-3559,11 Lerdahl Point,Sahnaiya,Syria,,224
196,Bibbie,Tompkin,btompkin5f@about.me,535-935-4686,823 American Drive,Randusari,Indonesia,,458
197,Elmira,Dowle,edowle5g@state.gov,386-368-1619,228 West Plaza,Kabala,Sierra Leone,,673
198,Edgard,Coggins,ecoggins5h@fastcompany.com,642-587-2714,17503 Green Way,Clonskeagh,Ireland,D04,159
199,Lara,Piet,lpiet5i@clickbank.net,789-756-4601,9438 Manley Parkway,Fianarantsoa,Madagascar,,511
200,Claudian,Statton,cstatton5j@1und1.de,907-174-9571,21 Bluestem Terrace,Shangtian,China,,122
201,Meryl,Levey,mlevey5k@pagesperso-orange.fr,701-470-0548,3 Independence Park,Sutukoba,Gambia,,180
202,Olenka,Brand,obrand5l@slideshare.net,609-957-6358,4047 Bowman Circle,Ubay,Philippines,6315,383
203,Emmerich,Haslehurst,ehaslehurst5m@about.com,769-798-3969,310 Lyons Street,Yangjiapo,China,,583
204,Avie,Hayball,ahayball5n@altervista.org,999-729-4726,347 Summit Road,Windsor,Canada,J1S,940
205,Merrilee,Zealey,mzealey5o@storify.com,479-294-3222,5060 Heath Crossing,Fengjiang,China,,735
206,Sally,Aitchison,saitchison5p@reverbnation.com,304-588-1865,292 Fair Oaks Circle,Huitang,China,,567
207,Wendie,Fowlie,wfowlie5q@census.gov,481-935-4591,3 Esker Way,Jiangcun,China,,856
208,Pip,Schneidar,pschneidar5r@abc.net.au,459-438-4576,64 Towne Plaza,Longfengshan,China,,236
209,Vikki,O'Shirine,voshirine5s@europa.eu,995-808-0851,27 Buell Parkway,Kalibo (poblacion),Philippines,8113,455
210,Vernen,Schwandermann,vschwandermann5t@zimbio.com,414-649-3482,7 Manufacturers Court,Guyang,China,,336
211,Barr,Craighall,bcraighall5u@shareasale.com,662-333-9468,56898 Lien Street,Lingqiao,China,,285
212,Langsdon,Dallimore,ldallimore5v@constantcontact.com,518-243-8774,2825 Mccormick Trail,Quatre Bornes,Mauritius,,456
213,Noelyn,Tourner,ntourner5w@seesaa.net,523-182-4489,3713 Express Lane,Kastav,Croatia,51215,592
214,Rafferty,Gallamore,rgallamore5x@walmart.com,820-292-3514,1867 Dorton Center,Mapinrea,Indonesia,,421
215,Latia,Boller,lboller5y@alexa.com,363-301-7570,10625 Bowman Junction,Sexiong,China,,105
216,Ellwood,Speariett,espeariett5z@elpais.com,806-943-2426,930 Reinke Court,Shuangnian,China,,601
217,Adina,Draijer,adraijer60@barnesandnoble.com,909-306-5339,894 Mitchell Parkway,Petukhovo,Russia,641642,64
218,Gerek,Lisett,glisett61@sfgate.com,740-116-1490,38450 Waywood Drive,Columbus,United States,43240,91
219,Emily,Raittie,eraittie62@nature.com,266-472-7533,11701 Ramsey Street,Hengjing,China,,988
220,Cathy,Ochterlony,cochterlony63@live.com,164-304-4937,81094 Melody Center,Đắk Song,Vietnam,,194
221,Derby,Craigs,dcraigs64@merriam-webster.com,365-765-7215,760 Autumn Leaf Pass,Khatsyezhyna,Belarus,,451
222,Lorrie,Scarsbrick,lscarsbrick65@exblog.jp,900-321-2971,55 Redwing Crossing,Eksjö,Sweden,575 35,911
223,Forrest,Habbin,fhabbin66@istockphoto.com,521-523-3387,457 Rutledge Hill,Razan,Iran,,455
224,Ronnie,Boyd,rboyd67@marriott.com,770-386-4224,42 Cody Plaza,Azovo,Russia,646880,397
225,Halimeda,Thackston,hthackston68@topsy.com,531-143-5746,0 Sunnyside Pass,Chervonoarmiys’k,Ukraine,,279
226,Cammy,Simko,csimko69@arstechnica.com,113-778-4790,61 Sheridan Crossing,Awar-awar,Indonesia,,401
227,Ariel,Jaslem,ajaslem6a@1und1.de,448-153-8781,0 Blue Bill Park Way,Intendente Alvear,Argentina,6221,448
228,Melisent,Hiley,mhiley6b@quantcast.com,260-566-1142,33255 Onsgard Terrace,Quva,Uzbekistan,,956
229,Genni,Reinger,greinger6c@google.co.jp,387-916-9852,1327 Meadow Valley Court,Pavlovka,Russia,617820,766
230,Ike,Avramovitz,iavramovitz6d@ameblo.jp,146-642-1056,28 Valley Edge Pass,Itapeva,Brazil,18400-000,659
231,Arlana,Cutmere,acutmere6e@yale.edu,219-162-8857,45233 Thackeray Place,Cagliari,Italy,09124,686
232,Bradney,Dagnall,bdagnall6f@soup.io,909-321-6292,010 Bay Trail,Niutang,China,,867
233,Risa,Gitsham,rgitsham6g@over-blog.com,152-780-8820,8 Lighthouse Bay Park,Selebi-Phikwe,Botswana,,602
234,Bette-ann,Searight,bsearight6h@independent.co.uk,560-668-7944,7525 Knutson Way,Camp Thorel,Mauritius,,895
235,Pooh,Scarr,pscarr6i@npr.org,729-153-5287,90946 Bartelt Terrace,Kermānshāh,Iran,,221
236,Renata,McCrory,rmccrory6j@google.nl,666-783-7134,1681 Union Junction,Onguday,Russia,649446,32
237,Liva,Stych,lstych6k@statcounter.com,844-595-3934,254 High Crossing Terrace,Minuyan,Philippines,1409,370
238,Kat,Gumbley,kgumbley6l@telegraph.co.uk,572-203-7711,67 Springview Terrace,Imbituva,Brazil,84430-000,816
239,Arley,Labet,alabet6m@businessweek.com,613-129-2719,719 Miller Pass,Lions Bay,Canada,K4K,407
240,Yolande,McCoish,ymccoish6n@netvibes.com,109-527-9435,9989 Hauk Point,Pedroso,Portugal,4415-092,168
241,Francoise,Taggart,ftaggart6o@vinaora.com,643-822-9929,62904 Marcy Center,Los Boquerones,Panama,,70
242,Osgood,Airs,oairs6p@google.co.jp,542-383-4599,3374 Pearson Street,Dampol,Indonesia,,28
243,Garv,Brandli,gbrandli6q@wikispaces.com,768-780-0968,045 Kim Court,Néos Mylótopos,Greece,,805
244,Flin,Schohier,fschohier6r@list-manage.com,129-608-1562,2 Lyons Plaza,Mailsi,Pakistan,61200,822
245,Mata,Tiery,mtiery6s@mozilla.org,861-730-9461,38 Esker Junction,Jiupu,China,,398
246,Wilona,Rogerot,wrogerot6t@mtv.com,141-110-1851,14767 Morrow Way,Sayang Lauq,Indonesia,,692
247,Crosby,Farlow,cfarlow6u@canalblog.com,158-649-0175,0 Browning Park,Xichang,China,,823
248,Melloney,Church,mchurch6v@1688.com,163-392-2825,278 Mayer Junction,Saint-Grégoire,France,35763 CEDEX,266
249,Francklin,Vern,fvern6w@pinterest.com,347-252-7109,90 4th Crossing,Dongsheng,China,,758
250,Lorita,Pretor,lpretor6x@photobucket.com,372-386-2636,7910 Hagan Park,Xiachen,China,,830
251,Bonni,enzley,benzley6y@princeton.edu,156-868-9813,967 Hayes Avenue,Tripoli,Lebanon,,832
252,Brina,Grainger,bgrainger6z@de.vu,568-379-4583,1873 Valley Edge Pass,Lanos,Indonesia,,268
253,Eduino,Wissby,ewissby70@indiegogo.com,317-216-6229,7 Chive Alley,Ccatca,Peru,,95
254,Martynne,Bunkle,mbunkle71@si.edu,649-757-8041,53318 Redwing Way,Shanhou,China,,166
255,Blinni,Fardon,bfardon72@cdc.gov,220-633-8787,712 Mesta Hill,Sabaneta,Venezuela,,337
256,Tamma,Binks,tbinks73@businesswire.com,299-844-9241,730 Hudson Point,Motegi,Japan,865-0131,121
257,Lira,Bishop,lbishop74@posterous.com,840-222-4892,23006 Talisman Terrace,Hengshitang,China,,678
258,Dag,MacAscaidh,dmacascaidh75@hud.gov,832-819-4037,45 Sunbrook Center,Xinbei,China,,608
259,Kippy,Ahlf,kahlf76@mlb.com,377-710-5451,75 Vidon Road,Wright,Philippines,6702,883
260,Patricio,Cossey,pcossey77@cbslocal.com,951-254-8064,50897 Sunbrook Street,Muroto-misakicho,Japan,781-7109,892
261,Lorine,Dugmore,ldugmore78@deliciousdays.com,370-501-2441,74 Rutledge Center,Novonukutskiy,Russia,450049,482
262,Tanney,Hulson,thulson79@scribd.com,899-701-4252,56375 Northview Avenue,Yunxi,China,,288
263,Sutton,Urwin,surwin7a@smugmug.com,675-247-2383,490 Sunfield Parkway,Jiangfeng,China,,50
264,Jakie,Fiddler,jfiddler7b@a8.net,940-346-3718,254 Fallview Way,Cingambul,Indonesia,,908
265,Bancroft,Clemmens,bclemmens7c@51.la,435-429-9671,2 Summer Ridge Lane,Pandean,Indonesia,,758
266,Hammad,Swoffer,hswoffer7d@mapquest.com,571-570-0823,3 Heffernan Terrace,Chunhu,China,,979
267,Hector,Barnwill,hbarnwill7e@pbs.org,670-304-7298,7 Shasta Circle,Mulhouse,France,68947 CEDEX 9,123
268,Reube,Dufaur,rdufaur7f@t-online.de,423-346-5917,629 Eagan Park,Želešice,Czech Republic,664 43,395
269,Alexandr,Lawty,alawty7g@nydailynews.com,803-867-1602,0437 Sachtjen Circle,Hovtamej,Armenia,,391
270,Roselin,Sherrott,rsherrott7h@tripadvisor.com,773-709-5142,8366 Ramsey Pass,Al Wuday‘,Yemen,,150
271,Timmie,Marmon,tmarmon7i@livejournal.com,432-721-3183,33078 Upham Road,Lunas,Philippines,6324,894
272,Pattie,Frie,pfrie7j@sphinn.com,679-245-5354,6 Kipling Court,Līvāni,Latvia,,61
273,Alwyn,Warret,awarret7k@imgur.com,609-459-8199,359 Granby Way,Buguruslan,Russia,461639,387
274,Faun,Siegertsz,fsiegertsz7l@virginia.edu,308-828-3040,54901 Spohn Road,Thabazimbi,South Africa,0500,779
275,Burr,Hoyland,bhoyland7m@howstuffworks.com,454-701-5400,60 School Lane,La Playosa,Argentina,5911,741
276,Denney,Briscow,dbriscow7n@shinystat.com,509-981-2762,4 Clyde Gallagher Hill,Chaman,Pakistan,86000,721
277,Garald,Lehrmann,glehrmann7o@google.com.hk,841-116-7994,8 Old Shore Street,Sardasht,Iran,,355
278,Ronalda,Alger,ralger7p@dailymotion.com,386-886-8206,75 Chive Parkway,Kista,Sweden,164 40,704
279,Felicio,Ranshaw,franshaw7q@bbc.co.uk,849-820-8409,8972 Lukken Hill,Vila Nova,Portugal,4710-627,652
280,Warren,Peirazzi,wpeirazzi7r@youku.com,764-891-7869,22223 Morning Point,Remas,Albania,,499
281,Pate,Hazle,phazle7s@simplemachines.org,828-634-6284,20 Comanche Avenue,Turmus‘ayyā,Palestinian Territory,,507
282,Nicolette,Perryn,nperryn7t@time.com,415-885-0664,95 Maywood Center,Ujazd,Poland,97-225,712
283,Laura,Warwick,lwarwick7u@cdbaby.com,328-561-2901,27 Sherman Pass,Hengshi,China,,722
284,Curtis,McVitty,cmcvitty7v@goodreads.com,996-308-7462,8 Valley Edge Terrace,Jasienica Rosielna,Poland,36-220,498
285,Wendye,Darrington,wdarrington7w@hugedomains.com,522-425-1518,790 Tennyson Trail,Jugezhuang,China,,34
286,Krispin,Keese,kkeese7x@ibm.com,916-486-3013,59029 East Hill,Sahatsakhan,Thailand,46140,968
287,Janessa,Fountian,jfountian7y@gmpg.org,331-832-5586,84137 Bashford Parkway,Ar Rawḑah,Syria,,319
288,Gilberta,Crumbleholme,gcrumbleholme7z@newyorker.com,863-673-6915,0 Hazelcrest Place,Iwanuma,Japan,299-4336,263
289,Mimi,Haulkham,mhaulkham80@google.fr,104-616-4129,5 Buhler Court,Ueda,Japan,963-5343,524
290,Joann,Bellard,jbellard81@live.com,212-232-8155,187 Northridge Avenue,New York City,United States,10270,680
291,Morley,Birmingham,mbirmingham82@vimeo.com,967-175-1277,0 Pleasure Point,Quibal,Philippines,5103,228
292,Teresina,Nelsen,tnelsen83@phoca.cz,154-534-9092,71630 Lindbergh Avenue,Daveluyville,Canada,R3P,266
293,Misty,Daldry,mdaldry84@techcrunch.com,101-381-0125,561 Wayridge Center,Iza,Ukraine,,867
294,Towney,Kebell,tkebell85@icq.com,786-244-9727,32 Westerfield Pass,Morondava,Madagascar,,366
295,Marabel,Penfold,mpenfold86@nydailynews.com,185-659-5921,8 Monument Center,Dahe,China,,667
296,Nickola,Cowndley,ncowndley87@plala.or.jp,453-654-5022,688 Hallows Park,Limbaan,Philippines,8104,842
297,Valentijn,Adriaens,vadriaens88@tmall.com,752-567-7735,16 Bashford Street,Janowice,Poland,33-115,185
298,Trey,Seller,tseller89@skyrock.com,135-795-6994,72339 Darwin Junction,Bopu,China,,923
299,Ogdan,Hurst,ohurst8a@example.com,265-295-4608,5 Bunting Circle,Pskov,Russia,180559,843
300,Billie,Nardoni,bnardoni8b@irs.gov,888-367-7886,14126 Ronald Regan Pass,Rosmaninhal,Portugal,6060-414,483
301,Doris,Riggs,driggs8c@cpanel.net,711-699-9063,60356 Weeping Birch Place,Bantacan,Philippines,8110,440
302,Lindi,Turner,lturner8d@google.ca,298-399-5041,4926 Gulseth Plaza,Kuala Lumpur,Malaysia,50720,210
303,Euphemia,Enbury,eenbury8e@behance.net,937-633-0745,7660 Park Meadow Avenue,Mata-Utu,Wallis and Futuna,98600,806
304,Bink,O'Quin,boquin8f@dmoz.org,609-932-9083,372 Oakridge Hill,Abaetetuba,Brazil,68440-000,662
305,Laverna,Blanchard,lblanchard8g@scientificamerican.com,391-360-3364,55 Little Fleur Place,Huwei,China,,941
306,Cory,Werny,cwerny8h@google.cn,348-815-6629,7 Delaware Way,Inuvik,Canada,E8L,993
307,Hollyanne,Eyer,heyer8i@pbs.org,955-692-8624,95 Troy Park,Magsaysay,Philippines,9221,676
308,Christa,McIndoe,cmcindoe8j@taobao.com,812-716-1315,63624 Morrow Point,Rato,Indonesia,,696
309,Damon,Bewshaw,dbewshaw8k@boston.com,658-399-4146,1 Lotheville Place,Pore,Colombia,852058,731
310,Faith,Sparwell,fsparwell8l@wordpress.com,486-543-5530,69729 Fisk Drive,Mīrpur Māthelo,Pakistan,63211,27
311,Irvin,Habbon,ihabbon8m@bluehost.com,564-636-4393,7808 Little Fleur Crossing,Imperatriz,Brazil,65900-000,82
312,Celene,Geillier,cgeillier8n@prweb.com,444-588-0758,598 Hovde Junction,Segoro,Indonesia,,206
313,Eben,Toon,etoon8o@ucla.edu,861-442-2679,7 Debra Court,Krasnogorskiy,Russia,652649,505
314,Sax,Cunney,scunney8p@studiopress.com,872-274-8700,7 Marquette Road,Boissevain,Canada,G7S,733
315,Christalle,Iacovozzo,ciacovozzo8q@patch.com,713-262-2679,47228 Susan Crossing,Xiaosong,China,,731
316,Dieter,Lampkin,dlampkin8r@un.org,512-546-4952,94548 Russell Pass,Rio,Portugal,4905-074,257
317,Norry,Phil,nphil8s@paypal.com,810-646-3469,4716 Redwing Pass,Huangshi,China,,691
318,Anica,Domeney,adomeney8t@virginia.edu,441-468-9368,00 Continental Park,Krajan Battal,Indonesia,,382
319,Rosalind,Duchasteau,rduchasteau8u@phoca.cz,321-216-3940,58303 Del Sol Park,Pyhäsalmi,Finland,86801,29
320,Wadsworth,Walenta,wwalenta8v@paypal.com,919-808-5131,6 Derek Crossing,Sarnów,Poland,39-333,146
321,Clarence,Staddart,cstaddart8w@360.cn,108-300-7676,2 Pearson Alley,Horní Čermná,Czech Republic,561 56,456
322,Neville,Maevela,nmaevela8x@ebay.co.uk,169-370-4290,67 Dryden Junction,Banpu,China,,707
323,Faythe,Ruggiero,fruggiero8y@gov.uk,757-992-3016,791 Browning Drive,Stari Grad,Serbia,,548
324,Clarette,Farnill,cfarnill8z@theatlantic.com,994-288-6784,01094 Summer Ridge Way,Sampués,Colombia,705079,117
325,Emlynn,Bowness,ebowness90@google.it,602-200-1616,3310 Mcbride Plaza,Zhangxiang,China,,792
326,Adoree,Sunshine,asunshine91@nps.gov,447-861-2302,8 Linden Street,Lafiagi,Nigeria,,96
327,Ardyth,Nancekivell,anancekivell92@homestead.com,136-698-1941,0320 Prairieview Road,Hanjia,China,,511
328,Erv,Kondrachenko,ekondrachenko93@sciencedaily.com,497-160-9495,82665 Morning Road,Dadoupu,China,,302
329,Tova,Fury,tfury94@state.gov,446-480-4956,7213 Graedel Road,Rizal,Philippines,7104,49
330,Ula,Forrest,uforrest95@thetimes.co.uk,386-908-1735,611 Packers Court,Ragay,Philippines,4410,959
331,Nikki,Pedrozzi,npedrozzi96@g.co,960-729-4892,41 Corben Place,Carrefour,Haiti,,609
332,Josey,Coste,jcoste97@merriam-webster.com,414-902-2053,74 Mosinee Park,Janaka,Indonesia,,178
333,Etienne,Malletratt,emalletratt98@eventbrite.com,697-681-8167,050 Acker Point,Emmeloord,Netherlands,8304,185
334,Brianna,Brandom,bbrandom99@ow.ly,134-293-1641,6 South Junction,Wuhu,China,,257
335,Walker,Elvins,welvins9a@jigsy.com,112-748-4086,7 8th Drive,Vil’nyans’k,Ukraine,,602
336,Arturo,Burdekin,aburdekin9b@addtoany.com,806-972-9815,3148 Arrowood Pass,Ketampak,Indonesia,,494
337,Fredra,Laws,flaws9c@blogs.com,638-865-4313,699 Sloan Circle,Ribeira Grande,Portugal,9600-502,957
338,Joshuah,Devinn,jdevinn9d@uiuc.edu,948-100-3824,16 3rd Court,Beibao,China,,621
339,Veriee,Sapson,vsapson9e@php.net,152-720-8630,0229 Oakridge Place,Lille,France,59895 CEDEX 9,267
340,Madella,Christofle,mchristofle9f@xing.com,283-546-2629,92 Buell Junction,Valleymount,Ireland,A83,220
341,Bel,Pinnere,bpinnere9g@psu.edu,539-687-0076,141 Dennis Avenue,Mayantoc,Philippines,2304,388
342,Torry,Devonshire,tdevonshire9h@sogou.com,912-256-7675,0 Eastlawn Pass,Areni,Armenia,,667
343,Aida,Buckle,abuckle9i@amazon.co.jp,229-427-5820,6389 Delaware Drive,Obong,Philippines,2614,776
344,Merilyn,Eacle,meacle9j@cloudflare.com,423-730-5468,5173 Old Shore Avenue,Zuru,Nigeria,,469
345,Ingra,Paulet,ipaulet9k@ning.com,154-866-3849,80359 Golf View Place,Basel,Switzerland,4055,104
346,Francene,Brason,fbrason9l@globo.com,784-605-6992,7979 Manufacturers Hill,Novopokrovka,Russia,692175,14
347,Rosmunda,Boarer,rboarer9m@gov.uk,175-248-9816,51955 Mayfield Center,Tower,Ireland,P31,651
348,Pippa,Shaudfurth,pshaudfurth9n@paypal.com,637-297-6136,7304 West Road,Cipanggung,Indonesia,,288
349,Mab,Masselin,mmasselin9o@slideshare.net,798-953-6869,86791 Lakeland Center,Chenzhouzhai,China,,245
350,Jami,Conway,jconway9p@altervista.org,249-319-9892,9699 7th Avenue,San Andrés Villa Seca,Guatemala,11006,10
351,Mindy,Lattimore,mlattimore9q@icq.com,770-270-5130,55 Roxbury Court,Ribeirão,Portugal,4760-411,673
352,Darla,Pinchback,dpinchback9r@cnn.com,253-988-3925,06624 Brentwood Point,Oslo,Norway,0162,761
353,Harmonie,Brecken,hbrecken9s@opera.com,756-962-7530,20 Cascade Park,Stockholm,Sweden,105 22,543
354,Missie,Stannah,mstannah9t@dagondesign.com,328-411-1524,03269 Sullivan Circle,Adil Makmur,Indonesia,,875
355,Lyndell,Overbury,loverbury9u@dropbox.com,785-454-3224,5790 Dexter Pass,Topeka,United States,66617,838
356,Brewer,Coaten,bcoaten9v@statcounter.com,396-540-8602,75 Evergreen Place,Saijō,Japan,793-0213,71
357,Meade,Denisovo,mdenisovo9w@slashdot.org,419-864-1701,7479 Mockingbird Park,Toledo,United States,43610,147
358,Pancho,Grishunin,pgrishunin9x@cnet.com,441-479-7679,0 Hoard Circle,Guanqian,China,,22
359,Davidson,Fosdyke,dfosdyke9y@ning.com,422-253-0997,20756 Pawling Point,Helsingborg,Sweden,256 62,525
360,Mag,Ezzell,mezzell9z@va.gov,892-744-0779,6 Dawn Drive,Huambo,Angola,,173
361,Trefor,Gersam,tgersama0@sun.com,424-552-6445,2747 Menomonie Drive,Dalam,Indonesia,,239
362,Fannie,Berry,fberrya1@typepad.com,798-152-1292,68 Homewood Center,Vailoatai,American Samoa,96799,240
363,Demetri,Burghall,dburghalla2@webs.com,216-558-7341,8496 Warrior Way,Mirzāpur,Bangladesh,1945,315
364,Sargent,Eby,sebya3@addtoany.com,346-875-2592,19428 Daystar Road,Jatisari,Indonesia,,629
365,Shurlock,Heys,sheysa4@smugmug.com,419-839-7600,3 Ohio Park,Shihui,China,,114
366,Dulci,Pasek,dpaseka5@usatoday.com,123-245-5654,8396 Grover Crossing,Viçosa,Brazil,59815-000,515
367,Fayina,Gilvary,fgilvarya6@google.it,372-781-6160,9 Warbler Avenue,Queenstown,South Africa,5330,196
368,Tamas,Culy,tculya7@msu.edu,324-415-7193,45695 Grim Park,Vicuña Mackenna,Argentina,6140,355
369,Trista,Scottrell,tscottrella8@opensource.org,493-817-0076,74032 Trailsway Street,Taoyuan,China,,876
370,Cristian,Yoseloff,cyoseloffa9@netlog.com,332-834-3619,10465 Bashford Court,Markaz Mudhaykirah,Yemen,,614
371,Deeyn,Castrillo,dcastrilloaa@etsy.com,447-596-9816,1 Kings Trail,Resplendor,Brazil,35230-000,252
372,Victoir,Darrington,vdarringtonab@google.com.br,120-670-7466,07 Victoria Terrace,Houjie,China,,715
373,Lucius,Tipling,ltiplingac@imageshack.us,271-826-6710,57 Susan Street,Hoeyang,North Korea,,240
374,Davie,Dymock,ddymockad@ustream.tv,993-687-5641,548 Comanche Place,Bojnik,Serbia,,577
375,Trudi,Castillou,tcastillouae@un.org,227-734-0566,37323 Sullivan Trail,Praia Grande,Brazil,11700-000,943
376,Aharon,Venditti,avendittiaf@yahoo.co.jp,131-679-5680,1 Twin Pines Crossing,Banjar Delodrurung,Indonesia,,640
377,Randy,Deane,rdeaneag@senate.gov,194-283-1944,1 Graceland Hill,Saint-Bruno,Canada,J3V,845
378,Iain,Racher,iracherah@wunderground.com,854-125-7464,763 Pankratz Way,Solntsevo,Russia,243429,620
379,Elysha,Vasler,evaslerai@vistaprint.com,258-732-1782,5 Texas Park,Gyigang,China,,241
380,Shirlee,Kinkead,skinkeadaj@jigsy.com,431-846-1239,48 Lyons Circle,Centre de Flacq,Mauritius,,568
381,Alleyn,Sondland,asondlandak@digg.com,903-184-1136,94 Warbler Trail,Rostov-na-Donu,Russia,353356,77
382,Nixie,Antony,nantonyal@japanpost.jp,331-235-9321,7 Lake View Road,Sanguanzhai,China,,848
383,Barbie,Diggles,bdigglesam@telegraph.co.uk,318-201-9475,1 Loeprich Pass,Áno Kalentíni,Greece,,457
384,Braden,McLucas,bmclucasan@mtv.com,608-627-7955,2825 Glendale Center,Kovářská,Czech Republic,431 86,105
385,Abbe,Geer,ageerao@ow.ly,102-597-7615,1358 Basil Center,Yasynuvata,Ukraine,,766
386,Sharona,Kilban,skilbanap@yolasite.com,200-806-3614,94429 Quincy Lane,Los Rastrojos,Venezuela,,263
387,Corri,Birchner,cbirchneraq@163.com,474-185-0638,81 Lerdahl Circle,Arevashogh,Armenia,,968
388,Benji,Hebard,bhebardar@jalbum.net,147-247-6331,6 Bayside Trail,Kobayashi,Japan,999-6735,956
389,Tilly,Faulkener,tfaulkeneras@wikispaces.com,646-483-5749,40536 Corry Way,Satipo,Peru,,72
390,Una,Woodvine,uwoodvineat@blinklist.com,896-398-0310,249 Westport Lane,Lazaro Cardenas,Mexico,40977,767
391,Lauren,Powderham,lpowderhamau@usa.gov,315-957-1049,75 Lakewood Junction,Cigaras,Philippines,4010,636
392,Danni,Langridge,dlangridgeav@histats.com,900-744-5026,56 Anderson Way,Cabanbanan,Philippines,5047,377
393,Tuesday,Audibert,taudibertaw@senate.gov,509-606-3656,45132 Calypso Pass,Goseong,South Korea,,710
394,Clare,Alcorn,calcornax@cmu.edu,743-436-5041,425 Welch Plaza,Wanzhi,China,,370
395,Somerset,Brabon,sbrabonay@cargocollective.com,326-547-6445,33494 Spohn Plaza,Zhangjiagang,China,,46
396,Erek,Lewinton,elewintonaz@google.com.hk,992-606-2465,8810 Dryden Street,Balut,Philippines,8420,401
397,Tildi,Emeney,temeneyb0@fc2.com,608-353-8240,5 Sullivan Circle,Nosy Varika,Madagascar,,70
398,Albie,Breeds,abreedsb1@npr.org,992-336-9194,32 Heffernan Alley,Kotabesi,Indonesia,,633
399,Judi,Greenhaugh,jgreenhaughb2@google.cn,309-580-7478,07128 Farragut Road,Rancakole,Indonesia,,154
400,Carri,Garnsey,cgarnseyb3@ask.com,266-244-2602,92 Fulton Road,Shanghu,China,,75
401,Anetta,Lorraine,alorraineb4@163.com,305-405-4849,859 Parkside Parkway,Chengnan,China,,657
402,Adelice,Sinnie,asinnieb5@sakura.ne.jp,934-601-1160,907 Browning Parkway,‘Arīshah,Syria,,114
403,Mark,Cowdray,mcowdrayb6@163.com,399-318-9632,0872 Dahle Hill,Chipyela,Malawi,,682
404,Calypso,Riddiford,criddifordb7@cbc.ca,397-377-8119,71 Bluejay Way,Popielów,Poland,46-090,340
405,Bonita,Guisler,bguislerb8@amazonaws.com,201-496-2512,1827 Forest Run Lane,Lalagsan,Philippines,6328,798
406,Grover,Crittal,gcrittalb9@trellian.com,729-302-9474,08 American Circle,Jiangqiao,China,,33
407,Win,Flucker,wfluckerba@google.es,174-464-9922,99 Logan Avenue,Mocoa,Colombia,860008,504
408,Shanda,Lippatt,slippattbb@walmart.com,758-127-1747,25346 Cherokee Point,Baligród,Poland,38-606,580
409,Kath,Jiracek,kjiracekbc@engadget.com,312-570-1180,94058 Amoth Pass,Aguiar da Beira,Portugal,3570-014,682
410,Christophorus,Cleave,ccleavebd@amazon.co.uk,886-716-2404,2 Oakridge Drive,Yongheshi,China,,432
411,Leela,Ledrun,lledrunbe@globo.com,654-512-0504,3127 Reinke Terrace,Vila Velha,Brazil,29100-000,820
412,Lucky,Meffin,lmeffinbf@netvibes.com,633-320-0692,535 Farmco Trail,Ierápetra,Greece,,665
413,Benedict,Mordey,bmordeybg@canalblog.com,486-815-3920,0420 Fordem Junction,Maojia,China,,44
414,Holt,Dragoe,hdragoebh@wisc.edu,453-895-1295,907 Longview Hill,Cuozheqiangma,China,,444
415,Cecelia,Genner,cgennerbi@histats.com,501-799-1816,2 Mallard Terrace,North Little Rock,United States,72118,152
416,Dulcia,Vost,dvostbj@walmart.com,364-540-4992,3934 Harbort Street,Hangzhou,China,,315
417,Adlai,Primak,aprimakbk@discuz.net,342-633-3688,17048 Rusk Hill,Nicosia,Cyprus,,883
418,Waring,Bricket,wbricketbl@netvibes.com,702-768-3361,272 Luster Pass,Reno,United States,89550,339
419,Ashla,Verbrugghen,averbrugghenbm@facebook.com,671-164-5164,54127 Commercial Circle,Shengmi,China,,946
420,Fidelity,Hobben,fhobbenbn@go.com,768-452-7507,07975 Valley Edge Circle,Beiguoyuan,China,,984
421,Brantley,Fenck,bfenckbo@simplemachines.org,225-151-3375,226 Nancy Drive,Hexi,China,,726
422,Jessamyn,Vinker,jvinkerbp@chron.com,289-755-2894,22177 High Crossing Circle,Leština,Czech Republic,789 71,271
423,Rik,Cattrell,rcattrellbq@github.com,827-307-9107,52 Independence Court,Tarogong,Indonesia,,277
424,Izabel,Donaldson,idonaldsonbr@wix.com,441-907-5402,05 Fallview Lane,Balite,Philippines,2302,909
425,Suzanna,Lindgren,slindgrenbs@bbc.co.uk,405-786-3200,7 Hagan Avenue,Oklahoma City,United States,73135,839
426,Dannie,Llop,dllopbt@google.com,405-529-0994,1 Mendota Park,Oklahoma City,United States,73135,83
427,Angele,Lynnett,alynnettbu@domainmarket.com,664-181-8839,2 Express Drive,Sittwe,Myanmar,,231
428,Sallyanne,Dobbinson,sdobbinsonbv@youku.com,220-146-3496,78 John Wall Center,Ristinummi,Finland,66999,213
429,Jeremy,Daville,jdavillebw@reuters.com,365-799-3721,82 Monica Terrace,Krajansumbermujur,Indonesia,,358
430,Mehetabel,Corgenvin,mcorgenvinbx@usnews.com,211-246-9814,4 Victoria Way,Lapid,Israel,,465
431,Grethel,O'Hanley,gohanleyby@walmart.com,284-421-7913,318 International Street,San Francisco,Panama,,585
432,Barnaby,von Nassau,bvonnassaubz@woothemes.com,369-968-1960,7566 6th Point,Pechersk,Russia,216134,753
433,Emalee,Gosling,egoslingc0@purevolume.com,954-722-6509,3262 Vernon Parkway,Datun,China,,962
434,Ivie,Tomini,itominic1@chicagotribune.com,309-728-9937,4 Anzinger Avenue,Shināş,Oman,,333
435,Francyne,Blaine,fblainec2@pcworld.com,219-311-3979,287 Maple Wood Alley,Lazaro Cardenas,Mexico,60340,226
436,Christin,Kennedy,ckennedyc3@altervista.org,447-392-4985,8453 Algoma Court,Arbuzynka,Ukraine,,32
437,Ermanno,Kunkler,ekunklerc4@oracle.com,741-135-0564,206 Monterey Circle,Eindhoven,Netherlands,5644,752
438,Taite,Toombes,ttoombesc5@discovery.com,306-618-6124,94 Rowland Alley,Liulin,China,,895
439,Verine,Oakton,voaktonc6@netlog.com,200-365-4375,8821 Warbler Trail,Remedios,Colombia,052828,738
440,Den,Oloman,dolomanc7@ed.gov,201-418-5238,37260 Jenna Avenue,Sarvaš,Croatia,31000,953
441,Trefor,Guildford,tguildfordc8@etsy.com,661-866-5469,13 Harper Crossing,Jiayi,China,,467
442,Joana,Orrom,jorromc9@yahoo.com,190-850-8240,2243 Mayfield Trail,Bordeaux,France,33911 CEDEX 9,65
443,Lindsey,Lumsdale,llumsdaleca@de.vu,546-477-2582,7622 Jay Trail,Damatulan,Philippines,9607,17
444,Lorelle,Grinnell,lgrinnellcb@livejournal.com,727-374-0726,5107 Jay Junction,Menol,Indonesia,,990
445,Delcina,Westoff,dwestoffcc@timesonline.co.uk,884-845-0420,594 Dapin Plaza,Vermil,Portugal,4805-550,230
446,Lanita,Pickering,lpickeringcd@patch.com,120-943-1717,1 Meadow Valley Junction,Hrastnik,Slovenia,1430,471
447,Merridie,Crut,mcrutce@latimes.com,800-384-1556,41987 Emmet Circle,Nuga,Mongolia,,8
448,Roley,Dukelow,rdukelowcf@360.cn,538-887-6359,6 Tennyson Center,Pangligaran,Indonesia,,261
449,Alison,Foucar,afoucarcg@ucla.edu,490-281-9761,6312 Monument Center,Borås,Sweden,501 78,263
450,Rafi,Synan,rsynanch@nymag.com,709-750-7103,1 Charing Cross Place,San Isidro,Mexico,94723,277
451,Esta,Hewson,ehewsonci@epa.gov,331-550-0751,2 Fair Oaks Road,Coishco,Peru,,317
452,Neilla,Maudling,nmaudlingcj@japanpost.jp,576-318-9553,41835 Bashford Terrace,Kafr Şaqr,Egypt,,809
453,Jillayne,Baine,jbaineck@bloomberg.com,607-235-8788,377 Northland Terrace,Kiraman,Indonesia,,868
454,Gates,Giblin,ggiblincl@skype.com,292-541-3242,3967 Dwight Road,Pouzauges,France,85708 CEDEX,723
455,Philipa,Kalf,pkalfcm@rakuten.co.jp,973-586-5871,33 Nova Center,San Rafael,Costa Rica,11504,482
456,Katuscha,Haworth,khaworthcn@lycos.com,932-334-4117,3931 Banding Road,Hariang,Indonesia,,978
457,Dorotea,Tomet,dtometco@ucoz.ru,665-614-6680,2 Manitowish Drive,Pignon,Haiti,,865
458,Vaughan,Durrand,vdurrandcp@wordpress.com,388-848-9240,52829 Spaight Terrace,Kristinehamn,Sweden,681 54,53
459,Donni,Nel,dnelcq@mozilla.org,773-188-3485,84 Walton Circle,Zheleznogorsk,Russia,307156,392
460,Husein,Ventham,hventhamcr@wikipedia.org,129-480-4916,861 Caliangt Point,Goshogawara,Japan,861-0312,174
461,Benedicta,Philbin,bphilbincs@fda.gov,926-514-4464,3715 Fordem Alley,Škofljica,Slovenia,1291,258
462,Minor,Meekin,mmeekinct@yahoo.com,454-363-6398,1 Judy Street,Nogoonnuur,Mongolia,,703
463,Maribel,Lonsbrough,mlonsbroughcu@geocities.jp,497-174-1849,51060 Gerald Point,Baculin,Philippines,1060,690
464,Hilton,Bolan,hbolancv@phoca.cz,753-556-7387,22 Lillian Center,Shaxi,China,,542
465,Ripley,Morican,rmoricancw@msn.com,914-206-0935,33813 Meadow Vale Hill,Dulangan,Philippines,4113,367
466,Olia,Riggoll,origgollcx@cpanel.net,330-768-0837,6464 Kings Road,Dabola,Guinea,,772
467,Bethina,Donner,bdonnercy@wix.com,592-697-4800,253 Bobwhite Terrace,Dolsk,Poland,63-140,448
468,Joann,Norkett,jnorkettcz@reuters.com,709-990-9892,33770 Cardinal Circle,Linhares,Brazil,29900-000,211
469,Katrinka,Kenningley,kkenningleyd0@epa.gov,132-514-2315,949 Eagle Crest Park,Anjozorobe,Madagascar,,147
470,Erik,Mauger,emaugerd1@technorati.com,424-343-1073,7 Myrtle Drive,Novi Sad,Serbia,,462
471,Nickey,Todhunter,ntodhunterd2@github.io,664-726-8384,2468 Knutson Place,Hopetown,South Africa,8760,133
472,Modestia,Mell,mmelld3@uol.com.br,517-294-6068,6 Village Green Terrace,Mampong,Ghana,,126
473,Crysta,Wintringham,cwintringhamd4@squidoo.com,922-545-4285,188 Doe Crossing Court,Būlaevo,Kazakhstan,,446
474,Alfonse,Josifovitz,ajosifovitzd5@hibu.com,506-540-7405,697 Mosinee Drive,Aubenas,France,07204 CEDEX,605
475,Zitella,Erie,zeried6@independent.co.uk,639-730-1362,0753 4th Plaza,San Jose,Philippines,8427,107
476,Gun,McCann,gmccannd7@reddit.com,213-944-6018,7266 Summit Circle,Datartua,Indonesia,,4
477,Nettle,Thomel,nthomeld8@gnu.org,319-570-7601,9 Dorton Terrace,Chifeng,China,,414
478,Stephenie,Kenningley,skenningleyd9@mashable.com,357-442-1205,389 Vermont Hill,Limon,Philippines,6530,668
479,Camala,Stollsteimer,cstollsteimerda@123-reg.co.uk,843-124-9123,707 Commercial Crossing,Qarāwat Banī Zayd,Palestinian Territory,,662
480,Pat,McGrane,pmcgranedb@tinyurl.com,981-110-4305,9 Caliangt Center,Lunyuk Ode,Indonesia,,987
481,Bell,Dobbs,bdobbsdc@wufoo.com,221-340-2519,6 Pearson Avenue,Asquipata,Peru,,929
482,Barry,Langfield,blangfielddd@twitter.com,123-698-2019,05765 Vahlen Road,Cibatuireng,Indonesia,,883
483,Zechariah,Leijs,zleijsde@google.pl,676-581-8831,667 Cherokee Court,Al Ya‘rubīyah,Syria,,91
484,Davidson,Evins,devinsdf@liveinternet.ru,676-725-3341,11508 Toban Court,Czchów,Poland,32-860,981
485,Gilbert,Hessle,ghessledg@narod.ru,295-503-3910,95066 Laurel Junction,Pravda,Russia,694615,407
486,Brittney,Rayman,braymandh@vk.com,210-884-4147,69956 Goodland Trail,Kesambilerenkrajan,Indonesia,,36
487,Benjamin,Libby,blibbydi@w3.org,138-544-8253,41130 Sommers Park,Xinghuo,China,,47
488,Alika,Aingel,aaingeldj@cocolog-nifty.com,357-584-4210,00165 Kensington Pass,Peimei,China,,516
489,Rivi,McGonigle,rmcgonigledk@qq.com,258-614-2165,183 Butterfield Alley,Hinigaran,Philippines,4026,813
490,Harmony,Barczewski,hbarczewskidl@nbcnews.com,634-234-7345,55 Rockefeller Terrace,Koper,Slovenia,6600,17
491,Jill,Sansum,jsansumdm@merriam-webster.com,751-916-4556,87 Schiller Park,Lalukoen Dua,Indonesia,,446
492,Imojean,de Wilde,idewildedn@vimeo.com,391-521-8692,230 Darwin Lane,Temirgoyevskaya,Russia,352403,200
493,Sholom,Mead,smeaddo@list-manage.com,941-211-0756,788 Moulton Drive,Punta Gorda,United States,33982,394
494,Yolande,Schouthede,yschouthededp@chronoengine.com,294-604-5465,100 Toban Way,Sumqayıt,Azerbaijan,,563
495,Baudoin,Eyres,beyresdq@constantcontact.com,791-797-8778,9 Coolidge Trail,Kamenné Žehrovice,Czech Republic,273 01,510
496,Axel,Yurukhin,ayurukhindr@imgur.com,663-557-3007,5 Express Pass,Camargo,Bolivia,,655
497,Bowie,Spillane,bspillaneds@ucla.edu,142-128-4578,47968 Little Fleur Trail,Yakovlevskoye,Russia,242791,51
498,Amery,Newport,anewportdt@dailymotion.com,146-480-3499,32867 Rusk Hill,Chocianów,Poland,59-141,22
499,Davita,Squelch,dsquelchdu@geocities.com,649-481-4548,11 Saint Paul Junction,Nizhniy Tagil,Russia,622052,474
500,Malvina,Scrowston,mscrowstondv@eepurl.com,996-998-8122,959 Arrowood Court,Viterbo,Colombia,177027,894
501,Zebulen,Beedham,zbeedhamdw@patch.com,965-653-8563,72 Erie Terrace,Oslo,Norway,0778,177
502,Roxy,Airton,rairtondx@behance.net,352-396-5513,65881 Tomscot Trail,Chezhan,China,,86
503,Igor,Farryan,ifarryandy@squidoo.com,678-973-8744,55592 Everett Way,Soe,Indonesia,,459
504,Franny,Glasser,fglasserdz@etsy.com,367-574-0851,3 Quincy Terrace,Blangpulo,Indonesia,,789
505,Dallis,Worssam,dworssame0@spotify.com,362-468-1462,433 Sycamore Terrace,Pieksämäki,Finland,76150,626
506,Nona,Stephens,nstephense1@ebay.com,121-349-4836,53 Cherokee Court,Kefang,China,,86
507,Judd,Fetherston,jfetherstone2@shop-pro.jp,666-389-5110,06955 Shopko Plaza,Porto Velho,Brazil,78900-000,113
508,Foster,Philps,fphilpse3@gizmodo.com,951-338-1771,84389 Northwestern Point,Laventure,Mauritius,,867
509,Teddy,Frapwell,tfrapwelle4@ihg.com,301-108-7124,94 Londonderry Place,Silver Spring,United States,20910,935
510,Creight,Duckering,cduckeringe5@devhub.com,691-556-2940,146 Hoepker Place,Dragash,Kosovo,,44
511,Christiana,Montez,cmonteze6@weibo.com,505-621-7977,507 Darwin Terrace,Guangshan Chengguanzhen,China,,471
512,Leanor,Cartman,lcartmane7@sbwire.com,404-826-6492,9467 Northland Road,Atlanta,United States,30328,56
513,Lacey,Embling,lemblinge8@amazon.co.uk,500-256-2526,93 Oak Crossing,Bratsk,Russia,665709,85
514,Constantin,Ianelli,cianellie9@wikispaces.com,846-839-7148,189 Monument Plaza,Jiangkou,China,,812
515,Harv,McClinton,hmcclintonea@columbia.edu,797-833-3187,8776 West Crossing,Al Ghandūrah,Syria,,818
516,Kennie,Spada,kspadaeb@bluehost.com,850-735-1707,17593 Pond Circle,Patrocínio,Brazil,38740-000,788
517,Darcy,Brugman,dbrugmanec@ask.com,211-533-5382,21191 Washington Plaza,Nouakchott,Mauritania,,256
518,Abrahan,Wallage,awallageed@printfriendly.com,212-863-2595,135 Hoffman Pass,Ximapo,China,,409
519,Gaylor,Butter,gbutteree@reuters.com,182-896-8759,1475 Dayton Point,Tangxi,China,,718
520,Kirk,Blevin,kblevinef@jimdo.com,414-124-3113,62439 Bonner Trail,Saxin,China,,675
521,Riki,Blanchflower,rblanchflowereg@networkadvertising.org,550-408-2654,989 Novick Road,Rameshki,Russia,171439,18
522,Sallie,Pettis,spettiseh@unc.edu,737-742-6688,5 Pine View Place,Zhangshui,China,,901
523,Kissiah,Bloodworthe,kbloodwortheei@t.co,799-868-2963,00 Rigney Road,Halle,Germany,06126,343
524,Zabrina,Curgenuer,zcurgenuerej@vkontakte.ru,969-815-6016,1 Luster Drive,La Esperanza,Mexico,37900,747
525,Larina,Suffe,lsuffeek@booking.com,272-187-3243,8 Michigan Pass,Hamar,Norway,2305,313
526,Aeriel,Ferreira,aferreirael@tripod.com,453-878-5657,85 Carberry Pass,Khāsh,Afghanistan,,1000
527,Phil,Olivas,polivasem@netvibes.com,305-174-7420,31 Schlimgen Alley,Higetegera,Indonesia,,904
528,Davita,Cowthard,dcowtharden@icio.us,561-493-0818,6 Pierstorff Alley,Hà Tiên,Vietnam,,312
529,Loutitia,Killcross,lkillcrosseo@gravatar.com,695-198-1811,0 Tennessee Court,Elías,Colombia,417018,619
530,Gustavo,Gritten,ggrittenep@msu.edu,212-329-4021,7 Springs Plaza,Nikitinskiy,Russia,652581,18
531,Beitris,Vreede,bvreedeeq@so-net.ne.jp,767-302-9958,3842 Anzinger Park,Biritiba Mirim,Brazil,08940-000,483
532,Nana,Gokes,ngokeser@sakura.ne.jp,207-972-7021,28911 Brentwood Trail,Porkhov,Russia,164646,783
533,Shirl,Lyddiatt,slyddiattes@goodreads.com,254-771-0069,9925 Leroy Place,Taguing,Philippines,1960,288
534,Lucina,Tharme,ltharmeet@w3.org,504-575-8189,98568 Arizona Court,Sastöbe,Kazakhstan,,622
535,Lacee,Stredder,lstreddereu@tripadvisor.com,681-608-4895,253 Manitowish Alley,Ramalhal,Portugal,2565-650,76
536,Roseann,Edden,reddenev@mozilla.org,383-129-3016,63 Fremont Crossing,Dongyong,China,,584
537,Letisha,Kenwin,lkenwinew@behance.net,723-638-4620,5367 Bellgrove Crossing,Białaczów,Poland,26-307,920
538,Wit,Semiras,wsemirasex@fastcompany.com,428-535-2015,054 Eggendart Parkway,San Miguel Dueñas,Guatemala,03017,110
539,Gerty,Bumpass,gbumpassey@lycos.com,390-208-4271,6580 Monterey Road,Chulakivka,Ukraine,,953
540,Petr,Simonett,psimonettez@feedburner.com,488-921-2304,1 Bluestem Junction,Kedian,China,,496
541,Rikki,Mowbray,rmowbrayf0@histats.com,548-220-6061,6282 Lawn Lane,Madalena do Mar,Portugal,9360-413,111
542,Brit,Giacobilio,bgiacobiliof1@wufoo.com,447-115-3221,422 Columbus Hill,Trikora,Indonesia,,199
543,Emanuel,O'Kielt,eokieltf2@elegantthemes.com,237-842-5418,0482 Merry Way,Yunlong,China,,97
544,Colette,Pfertner,cpfertnerf3@loc.gov,808-516-2754,9930 Barnett Terrace,Bologna,Italy,40128,224
545,Imojean,Haisell,ihaisellf4@sogou.com,568-238-7294,0 Talisman Drive,Manggissari,Indonesia,,31
546,Michel,Smedmore,msmedmoref5@yellowpages.com,901-696-2774,26 Eliot Avenue,Silab,Philippines,1375,695
547,Kathryn,Sauvan,ksauvanf6@senate.gov,297-853-9304,84216 Marcy Court,Kuhmoinen,Finland,17801,742
548,Selene,Bownde,sbowndef7@wufoo.com,408-340-3920,460 Hansons Place,Sulop,Philippines,8009,354
549,Sara,Sloane,ssloanef8@imgur.com,182-773-9581,0810 Onsgard Plaza,Weiyanggong,China,,951
550,Roch,Stigers,rstigersf9@latimes.com,729-291-4593,2263 Corben Alley,Hannō,Japan,357-0211,802
551,Minta,Colquit,mcolquitfa@newyorker.com,489-236-2188,7943 Dawn Avenue,Orsha,Belarus,,719
552,Fedora,Ruselin,fruselinfb@histats.com,901-634-3788,69 Hagan Hill,Emiliano Zapata,Mexico,61607,301
553,Lexie,Taplow,ltaplowfc@japanpost.jp,354-606-6124,26 Dottie Avenue,San Isidro,Costa Rica,12004,682
554,Lancelot,Yearn,lyearnfd@list-manage.com,917-276-4295,44 American Place,Flushing,United States,11355,933
555,Daisey,Sherrocks,dsherrocksfe@yellowpages.com,944-793-0998,621 Coolidge Alley,Youdian,China,,195
556,Aindrea,Bangham,abanghamff@sina.com.cn,332-729-6712,086 Gina Park,Mar’’ina Horka,Belarus,,740
557,Cora,Cassedy,ccassedyfg@ustream.tv,281-769-5717,9 Cardinal Drive,Cukangpanjang,Indonesia,,647
558,Alex,Issit,aissitfh@foxnews.com,129-780-3754,34056 Prairie Rose Plaza,Parse,Indonesia,,20
559,Ian,Dunsleve,idunslevefi@surveymonkey.com,750-498-9368,72241 Claremont Junction,Solok,Indonesia,,361
560,Tatum,Karim,tkarimfj@reuters.com,988-322-4667,828 Fieldstone Terrace,Kuhmoinen,Finland,17801,55
561,Ethelind,Maven,emavenfk@spiegel.de,583-248-0554,97061 Grover Circle,Krasnoye,Russia,399345,193
562,Celene,Bum,cbumfl@usnews.com,705-226-8882,38682 Ludington Avenue,Sydney,Australia,1206,891
563,Hillery,Stannion,hstannionfm@dell.com,922-612-9919,32924 Prentice Way,Debar,Macedonia,1250,716
564,Gwenneth,Jewiss,gjewissfn@accuweather.com,445-775-3508,96 Erie Terrace,Sviblovo,Russia,607224,373
565,Zita,Dunrige,zdunrigefo@census.gov,303-787-6109,028 Surrey Lane,Denver,United States,80241,533
566,Linet,Risso,lrissofp@behance.net,631-227-6342,89309 Schmedeman Center,Taodian,China,,271
567,Ximenez,Teese,xteesefq@flavors.me,422-539-8938,1 Loomis Parkway,Paulpietersburg,South Africa,3185,463
568,Pattin,Lowry,plowryfr@toplist.cz,383-902-7792,43196 School Plaza,Yuyangguan,China,,497
569,Pietro,Feek,pfeekfs@a8.net,449-518-9785,7292 Washington Road,Yanhe,China,,0
570,Worden,O'Dougherty,wodoughertyft@discovery.com,589-323-5270,2 Vermont Street,Kouvola,Finland,45201,794
571,Tami,Olech,tolechfu@vistaprint.com,522-866-1855,0344 Cardinal Trail,Tyresö,Sweden,135 55,135
572,Ann,McKune,amckunefv@google.com.au,815-493-3457,0658 Myrtle Plaza,Uripa,Peru,,812
573,Pepillo,Smowton,psmowtonfw@wufoo.com,313-108-0671,10 Bobwhite Street,Nishinomiya-hama,Japan,663-8234,475
574,Sigfrid,Durward,sdurwardfx@msn.com,388-913-4780,13315 Meadow Valley Hill,Queimados,Brazil,26300-000,836
575,Broderick,Saltsberg,bsaltsbergfy@wikimedia.org,710-928-1105,77 Michigan Junction,Vila Chã,Portugal,4485-518,938
576,Aksel,Severs,aseversfz@wufoo.com,960-287-1344,5132 4th Drive,Xudat,Azerbaijan,,858
577,Weidar,Pammenter,wpammenterg0@chicagotribune.com,366-881-2676,98112 Lakewood Gardens Parkway,Gumel,Nigeria,,648
578,Barrett,McClenan,bmcclenang1@admin.ch,140-124-7331,283 Sutherland Point,Sadabe,Madagascar,,923
579,Cara,Ironmonger,cironmongerg2@marketwatch.com,765-279-6246,50 Calypso Park,Gangkou,China,,402
580,Ula,Vanlint,uvanlintg3@hp.com,568-735-7343,9638 Lyons Hill,Nanto-shi,Japan,939-1733,844
581,Gare,Grayshon,ggrayshong4@howstuffworks.com,725-469-1896,01431 Browning Plaza,Ban Na San,Thailand,84120,818
582,Humphrey,Bradford,hbradfordg5@com.com,366-404-1727,941 Anzinger Pass,San Andres,Philippines,5504,933
583,Kyle,Sunners,ksunnersg6@loc.gov,328-822-6445,06505 Thackeray Terrace,Muararupit,Indonesia,,207
584,Lesya,Jentges,ljentgesg7@telegraph.co.uk,111-661-0879,28765 Lillian Lane,Hyesan-si,North Korea,,706
585,Murray,Kemm,mkemmg8@upenn.edu,213-467-3000,6 Scoville Terrace,Gulod,Philippines,1117,222
586,Arley,Breslane,abreslaneg9@bbc.co.uk,348-639-6087,0 Thierer Court,Krivodanovka,Russia,630511,119
587,Kalli,Van Ross,kvanrossga@printfriendly.com,119-606-6594,15253 Oriole Crossing,Lampa,Indonesia,,965
588,Berty,Gorling,bgorlinggb@xinhuanet.com,704-409-2265,47 Transport Alley,Pantubig,Philippines,1706,248
589,Hunfredo,Stutard,hstutardgc@accuweather.com,718-457-2340,8 Forest Run Trail,Hangzhou,China,,361
590,Gradey,Novill,gnovillgd@google.pl,350-739-4425,0451 Trailsway Plaza,Fengqiao,China,,20
591,Minetta,Dandie,mdandiege@about.me,201-410-2082,141 Farragut Pass,Weligama,Sri Lanka,81700,330
592,Hubey,Corden,hcordengf@goo.gl,871-372-8807,0 Linden Junction,San Fernando,Philippines,8711,350
593,Tania,Verdon,tverdongg@mysql.com,713-983-8965,428 Lakewood Plaza,Jiusi,China,,559
594,Noelle,Provost,nprovostgh@parallels.com,993-360-8094,30863 Kingsford Circle,Trail,Canada,V1R,884
595,Crissie,Lovegrove,clovegrovegi@kickstarter.com,899-460-3632,01 Manufacturers Alley,Porto Velho,Brazil,78900-000,587
596,Orren,Kopman,okopmangj@google.pl,193-357-1458,006 Talmadge Road,Pakisaji,Indonesia,,818
597,Jimmy,Tull,jtullgk@npr.org,467-528-2742,82199 Redwing Trail,Pniv,Ukraine,,333
598,Alvina,Royal,aroyalgl@wsj.com,408-568-0083,36982 Porter Alley,Tanamiting,Indonesia,,312
599,Jewelle,Gillard,jgillardgm@nps.gov,457-439-6213,93756 Surrey Way,Talon,Indonesia,,746
600,Che,Gonzales,cgonzalesgn@deliciousdays.com,550-760-0725,87090 Commercial Place,Bang Kruai,Thailand,11130,210
601,Benn,Wooland,bwoolandgo@w3.org,362-138-4734,76082 Fremont Court,Chojnów,Poland,59-225,496
602,Ninnetta,Bowles,nbowlesgp@youku.com,698-155-6013,91978 Mccormick Way,Dagushan,China,,596
603,Shane,Brydson,sbrydsongq@dailymail.co.uk,662-798-7633,7 Hudson Point,Balzan,Malta,BZN,939
604,Jasmina,Sadd,jsaddgr@psu.edu,602-869-7131,13861 Sachtjen Point,Shanjeev Home,Sri Lanka,32308,149
605,Jasper,Work,jworkgs@fotki.com,408-461-0013,3854 Anzinger Drive,Kafr Şūr,Palestinian Territory,,457
606,Leela,Aulds,lauldsgt@amazonaws.com,412-835-9937,72 Melby Way,Shuiji,China,,75
607,Lemmie,Bennit,lbennitgu@google.ca,627-798-3161,4 Ramsey Park,Casal Velho,Portugal,3100-327,891
608,Fredia,Readett,freadettgv@blogspot.com,400-521-1319,80 Debra Alley,Maquiapo,Philippines,2007,387
609,Berkie,Chisnell,bchisnellgw@dailymotion.com,932-430-5680,756 Toban Trail,Phatthalung,Thailand,86000,479
610,Salvador,Bilton,sbiltongx@ycombinator.com,802-863-2164,75 Hayes Junction,Dar Chabanne,Tunisia,,748
611,Helaine,Denman,hdenmangy@issuu.com,102-541-4955,3305 Starling Crossing,Tuplice,Poland,68-219,482
612,Roze,Hedon,rhedongz@behance.net,159-411-8055,901 Northport Place,Kankan,Guinea,,140
613,Tracee,Goaley,tgoaleyh0@umn.edu,427-466-8111,549 Johnson Street,Cawayan,Philippines,5409,253
614,Norina,Ashall,nashallh1@arizona.edu,752-329-4491,4 Hermina Crossing,Huangpo,China,,787
615,Erminie,Wilks,ewilksh2@vkontakte.ru,292-705-0683,1 Northport Parkway,Belfort,France,90020 CEDEX,896
616,Seline,Malloy,smalloyh3@oakley.com,692-640-9144,4 South Avenue,As Sab‘ Biyār,Syria,,195
617,Enrika,Spittal,espittalh4@usgs.gov,336-396-6814,12507 Lunder Drive,Ágios Týchon,Cyprus,,100
618,Franny,Lippard,flippardh5@wsj.com,485-668-0762,74332 Charing Cross Drive,Doetinchem,Netherlands,7004,315
619,Ambros,Caps,acapsh6@devhub.com,623-647-0385,2550 Di Loreto Street,Shichuan,China,,845
620,Grenville,Farge,gfargeh7@typepad.com,861-845-8254,1 Dorton Road,Kuala Lumpur,Malaysia,50923,132
621,Stavro,Bernardoux,sbernardouxh8@independent.co.uk,895-644-4254,34773 Manley Avenue,Mainri,China,,838
622,Evaleen,Trigg,etriggh9@marketwatch.com,962-770-3778,073 Manufacturers Point,Talodi,Sudan,,267
623,Merla,Iddy,middyha@abc.net.au,301-113-6982,458 Express Place,Yekimovichi,Russia,216533,79
624,Jeniece,Gullivan,jgullivanhb@earthlink.net,312-559-9368,8346 Leroy Park,Xucheng,China,,262
625,Francesca,Kruse,fkrusehc@loc.gov,774-856-9446,91400 Pine View Center,Takefu,Japan,919-0201,605
626,Layton,Naismith,lnaismithhd@wufoo.com,420-117-2011,4 Ryan Terrace,Ruzhany,Belarus,,850
627,Diahann,Costelow,dcostelowhe@va.gov,791-879-8276,2340 Dexter Road,Huanghe,China,,168
628,Andrus,Durtnell,adurtnellhf@merriam-webster.com,217-765-4643,575 Petterle Plaza,Gorskaya,Russia,197755,423
629,Genvieve,Deeny,gdeenyhg@apple.com,490-203-1146,4 Crescent Oaks Plaza,Kiarajangkung,Indonesia,,297
630,Bret,Torresi,btorresihh@prlog.org,267-704-1140,6 Continental Plaza,Xicheng,China,,58
631,Maddie,Lindenfeld,mlindenfeldhi@cocolog-nifty.com,154-386-5517,7 Sunnyside Terrace,Peresvet,Russia,141364,537
632,Kass,Carlo,kcarlohj@miibeian.gov.cn,799-600-1742,60623 Tony Crossing,Dezhou,China,,408
633,Karilynn,Hardware,khardwarehk@fda.gov,579-908-2994,2191 Boyd Avenue,Gelgaudiškis,Lithuania,71085,118
634,Arnuad,Wilbud,awilbudhl@archive.org,267-271-2343,00 Fairfield Court,Montalegre,Portugal,5470-206,914
635,Hunt,Borland,hborlandhm@google.nl,688-993-9006,73 Surrey Parkway,Pakel,Indonesia,,286
636,Franklyn,Benardette,fbenardettehn@cisco.com,947-656-0155,8 Hazelcrest Place,New Iloilo,Philippines,8710,698
637,Caroline,Louedey,clouedeyho@cam.ac.uk,752-277-6634,7537 Haas Pass,Cầu Gồ,Vietnam,,329
638,Alexa,Rosenfelder,arosenfelderhp@biblegateway.com,581-327-0904,914 Glacier Hill Lane,Grimstad,Norway,4892,919
639,Demeter,Trittam,dtrittamhq@google.com.au,247-890-5259,4537 Hoard Parkway,Parlilitan,Indonesia,,92
640,Nani,Whiteford,nwhitefordhr@gravatar.com,942-352-6727,4792 Montana Road,Chojna,Poland,74-500,701
641,Ivett,Fishburn,ifishburnhs@thetimes.co.uk,983-552-3597,5404 Elka Lane,Karanganyar,Indonesia,,475
642,Chris,Baudassi,cbaudassiht@spotify.com,700-588-4976,7 Gale Lane,Busay,Philippines,1556,44
643,Aurlie,Dykins,adykinshu@techcrunch.com,590-286-4172,77 Hauk Parkway,Póvoa,Portugal,3450-440,872
644,Eustacia,Kinleyside,ekinleysidehv@earthlink.net,894-482-1222,5 Pearson Parkway,Planaltina,Brazil,73750-000,353
645,Sylvester,Flode,sflodehw@discuz.net,418-628-0834,506 Jana Drive,Padangtepung,Indonesia,,68
646,Burch,McKnish,bmcknishhx@mac.com,860-563-9982,2900 Forest Trail,Sulūq,Libya,,473
647,Frannie,Trevenu,ftrevenuhy@sakura.ne.jp,645-822-9597,57 Bartillon Lane,Ozërsk,Russia,238124,406
648,Sandy,Ordidge,sordidgehz@ameblo.jp,108-926-3303,1104 Scofield Alley,Mbanza Congo,Angola,,134
649,Culley,Croser,ccroseri0@cocolog-nifty.com,793-682-5818,812 Reinke Street,Nong Yai,Thailand,20190,449
650,Arvin,Josipovitz,ajosipovitzi1@google.com.br,320-408-4771,78 8th Drive,Sigiriya,Sri Lanka,21120,964
651,Meryl,Dikle,mdiklei2@bing.com,199-447-3217,9598 Warrior Avenue,Yancheng,China,,837
652,Meggy,Gannaway,mgannawayi3@census.gov,430-356-3826,10207 Delladonna Hill,Cisantri,Indonesia,,633
653,Erskine,Round,eroundi4@seesaa.net,760-372-1203,163 Buhler Point,Pule,Indonesia,,757
654,Cheslie,Baress,cbaressi5@360.cn,495-884-1579,8135 Ramsey Parkway,Gambiran,Indonesia,,651
655,Ferrell,Drinkeld,fdrinkeldi6@patch.com,341-100-6296,57411 Prairie Rose Lane,Lakhdenpokh’ya,Russia,186730,923
656,Kynthia,Hellicar,khellicari7@theatlantic.com,412-128-0376,36147 Kennedy Alley,Lianjiangkou,China,,65
657,Marc,Montez,mmontezi8@nationalgeographic.com,589-882-4123,87 Mcbride Alley,Huyuan,China,,687
658,Bevin,Demschke,bdemschkei9@samsung.com,966-934-3319,09 Ryan Pass,Zhangdun,China,,194
659,Matthiew,Bothen,mbothenia@ucoz.ru,294-836-8920,21 Eagan Plaza,San Antonio Oeste,Argentina,8520,635
660,Faustina,Harroll,fharrollib@php.net,751-251-0582,8 Westend Hill,Las Tejerías,Venezuela,,411
661,Dasie,Stetson,dstetsonic@biblegateway.com,337-933-1016,1 Paget Lane,Juliaca,Peru,,503
662,Cordie,Faircley,cfaircleyid@squidoo.com,180-441-2128,7377 Reindahl Avenue,Sumberbatas,Indonesia,,707
663,Tandie,Bratty,tbrattyie@symantec.com,379-129-9787,3 Pankratz Lane,Zeqin,China,,877
664,Cindy,Blackmore,cblackmoreif@oaic.gov.au,519-105-6963,95 Duke Road,Paritjunus,Indonesia,,199
665,Oneida,Guerrazzi,oguerrazziig@google.com.hk,894-364-9324,8 Doe Crossing Parkway,Oslo,Norway,0614,403
666,Rochella,Dabell,rdabellih@ask.com,420-396-0208,9895 Hoffman Pass,Qal‘ah-ye Fārsī,Afghanistan,,666
667,Genia,Abramow,gabramowii@yandex.ru,895-986-7924,68 Pleasure Place,Iznoski,Russia,658476,40
668,Lind,Cardozo,lcardozoij@nature.com,929-393-4261,565 Hooker Junction,Louta,China,,745
669,Manny,Gullivent,mgulliventik@alibaba.com,819-288-0489,999 Hovde Lane,Mestre,Italy,30175,99
670,Heddie,Dennitts,hdennittsil@discuz.net,385-740-2848,412 Cardinal Court,Béziers,France,34536 CEDEX,684
671,Emmett,Fairbard,efairbardim@biglobe.ne.jp,579-305-7412,2 Manitowish Street,Liudaogou,China,,317
672,Rachele,Hillam,rhillamin@constantcontact.com,140-384-1258,86 6th Crossing,Kamyanyuki,Belarus,,191
673,Tull,Emerson,temersonio@smh.com.au,102-867-3995,0 Eagle Crest Lane,Renliu,China,,612
674,Lethia,Lansbury,llansburyip@tinyurl.com,122-113-8372,46 Ohio Trail,Dahongmen,China,,761
675,Maribeth,Moorton,mmoortoniq@slideshare.net,752-221-7785,24 Thompson Place,Estância,Brazil,49200-000,36
676,Des,Fleis,dfleisir@blog.com,764-818-6244,08346 Miller Park,Maydolong,Philippines,6802,623
677,Shepperd,Bruins,sbruinsis@google.es,886-271-7840,3187 Scoville Pass,Barra,Philippines,9016,257
678,Lilah,Caley,lcaleyit@seesaa.net,240-463-8549,340 Eastwood Plaza,Cové,Benin,,447
679,Terrill,Flatte,tflatteiu@usda.gov,858-284-5975,4023 Corscot Terrace,Concepcion,Philippines,7213,451
680,Alasdair,Durtnall,adurtnalliv@last.fm,582-831-9247,82 Pierstorff Avenue,Podgorenskiy,Russia,396564,807
681,Trefor,Pascow,tpascowiw@hibu.com,365-491-7846,120 Service Road,Bulls,New Zealand,4894,359
682,Georgeta,Baurerich,gbaurerichix@gravatar.com,889-435-4159,69411 South Circle,Paitan Norte,Philippines,3117,123
683,Giana,Subhan,gsubhaniy@tmall.com,364-925-5482,38093 Judy Way,Laborie,Saint Lucia,,676
684,Seymour,Dukes,sdukesiz@answers.com,823-719-8600,5654 Spenser Plaza,Jianggao,China,,677
685,Rourke,Jarret,rjarretj0@illinois.edu,850-108-0541,41492 Randy Center,Blois,France,41919 CEDEX 9,857
686,Conny,Tomasino,ctomasinoj1@com.com,515-787-3612,10 Roxbury Way,La Unión,Chile,,943
687,Willy,Stebles,wsteblesj2@noaa.gov,344-729-5345,798 Lakeland Place,Santa Tecla,El Salvador,,251
688,Nadya,Plank,nplankj3@unicef.org,863-397-3483,16234 Drewry Crossing,Yur’yev-Pol’skiy,Russia,601800,144
689,Merill,MacRonald,mmacronaldj4@godaddy.com,695-793-8474,3 Brown Park,Bilice,Croatia,34310,843
690,Decca,Dorn,ddornj5@booking.com,827-589-5421,6 Burrows Park,Rembes,Indonesia,,497
691,Mikey,Gadsby,mgadsbyj6@nature.com,806-845-1767,58631 Maywood Circle,Nanfeng,China,,784
692,Farleigh,Bushaway,fbushawayj7@dyndns.org,459-833-5371,9 Elmside Pass,Sestroretsk,Russia,197730,660
693,Karlee,Avent,kaventj8@fema.gov,632-547-6935,7 Upham Crossing,Şabrātah,Libya,,599
694,Drucill,Vause,dvausej9@cdc.gov,616-113-3758,6 Butternut Terrace,Gotemba,Japan,412-0048,457
695,Tabitha,Gershom,tgershomja@time.com,705-321-2424,370 Vera Road,Marau,Brazil,99150-000,888
696,Philippe,Sheriff,psheriffjb@chicagotribune.com,465-354-4478,9 Laurel Court,Staryye Atagi,Russia,366303,736
697,Skell,Geale,sgealejc@squidoo.com,649-819-4299,156 Shoshone Street,Seke,China,,364
698,Blanca,O'Looney,bolooneyjd@google.fr,966-287-3770,7 Fieldstone Circle,Trelleborg,Sweden,231 91,585
699,Meggie,O'Docherty,modochertyje@theguardian.com,756-646-7394,39232 Ridgeway Junction,Sobreira,Portugal,4640-545,867
700,Donaugh,Weben,dwebenjf@mlb.com,253-669-7418,37 Crest Line Road,Nancy,France,54021 CEDEX,635
701,Donaugh,Benny,dbennyjg@deliciousdays.com,114-266-0119,06434 West Place,Nakhon Sawan,Thailand,60000,957
702,Avril,Dahlborg,adahlborgjh@newyorker.com,998-619-3895,85 Vera Lane,Gwaram,Nigeria,,965
703,Erl,Bloan,ebloanji@wisc.edu,453-568-5684,2 Pleasure Point,Mangli,Indonesia,,332
704,Laney,Ceaser,lceaserjj@china.com.cn,315-710-3661,0 Sutherland Crossing,Chelbasskaya,Russia,353715,441
705,Mellisent,Roj,mrojjk@edublogs.org,513-740-1909,380 Oak Valley Alley,Soukkouma,Laos,,85
706,Reta,Lerer,rlererjl@google.cn,805-642-9621,64 Texas Court,Baunu-Timbangan,Philippines,7407,402
707,Isabelle,Brindle,ibrindlejm@bloglines.com,823-281-9260,4 Meadow Valley Avenue,Wentugaole,China,,869
708,Nikolia,Bartens,nbartensjn@goo.gl,337-136-1289,2 Mendota Way,Radès,Tunisia,,448
709,Innis,Jurick,ijurickjo@berkeley.edu,633-988-5324,3 Brentwood Court,Hujigou,China,,356
710,Menard,Pepper,mpepperjp@seesaa.net,406-165-9725,144 Bultman Court,Hekou,China,,536
711,Muhammad,Mattheeuw,mmattheeuwjq@google.es,593-423-6541,081 Jenifer Place,Maghār,Israel,,304
712,Andre,Wace,awacejr@marketwatch.com,463-195-4700,65302 Dakota Street,Quinta dos Frades,Portugal,2420-334,989
713,Addie,Hunnicot,ahunnicotjs@mapquest.com,891-681-2438,79605 7th Center,Esmoriz,Portugal,3885-395,765
714,Grethel,Vegas,gvegasjt@state.tx.us,196-679-8056,3446 Corben Terrace,Gurgurnica,Macedonia,7314,171
715,Garret,Knoles,gknolesju@wikimedia.org,868-318-0956,0 Spaight Trail,Sap Yai,Thailand,16150,772
716,Brittani,Pechold,bpecholdjv@fotki.com,423-423-4612,824 Mitchell Place,Hofors,Sweden,813 27,256
717,Becky,Fancet,bfancetjw@nytimes.com,135-663-3224,77175 Eliot Park,Nha Trang,Vietnam,,971
718,Pascal,Rathke,prathkejx@about.com,870-842-7414,4419 Corscot Hill,Qiandeng,China,,710
719,Pierson,Tod,ptodjy@google.com.au,377-897-1307,804 Dakota Circle,Bajiazi,China,,971
720,Hersch,Daynter,hdaynterjz@creativecommons.org,408-775-5561,5739 Buell Pass,Zhigong,China,,818
721,Rosabella,Scantleberry,rscantleberryk0@typepad.com,112-390-2858,0553 Old Shore Park,Yiyang,China,,589
722,Leonard,Tredgold,ltredgoldk1@wikimedia.org,138-839-6568,040 Lighthouse Bay Drive,Hoorn,Netherlands,1624,314
723,Edi,Illyes,eillyesk2@jimdo.com,131-650-6974,80 Moland Alley,Lamatuka,Indonesia,,804
724,Hetty,Dennis,hdennisk3@europa.eu,980-969-9480,093 Westridge Drive,Oslo,Norway,0620,256
725,Darwin,Kemetz,dkemetzk4@cloudflare.com,735-981-2250,01 Granby Circle,Laç,Albania,,589
726,Jaquith,Dalliwatr,jdalliwatrk5@sina.com.cn,389-239-1570,0 Fairview Point,Krajan Tambakrejo,Indonesia,,921
727,Kaycee,Vedenyakin,kvedenyakink6@cargocollective.com,991-369-3192,98236 Rowland Plaza,Poshekhon’ye,Russia,152850,967
728,Adriana,Shrimplin,ashrimplink7@php.net,275-376-8835,5 Stuart Point,Mehmand Chak,Pakistan,50281,783
729,Dov,Primak,dprimakk8@harvard.edu,824-156-1438,344 Everett Park,Tópaga,Colombia,152047,274
730,Blisse,Garralts,bgarraltsk9@oaic.gov.au,355-494-7185,1197 Northview Place,Yanglong,China,,794
731,Dulcine,Langfitt,dlangfittka@amazon.co.jp,796-736-3681,3 Kinsman Junction,U Minh,Vietnam,,292
732,Alberta,Edmand,aedmandkb@washington.edu,419-524-9766,266 Melrose Court,Caijiang,China,,63
733,Janelle,Atcherley,jatcherleykc@drupal.org,759-517-9297,6 Grover Terrace,Paprotnia,Poland,08-107,733
734,Tammy,Peirone,tpeironekd@hhs.gov,575-944-0053,6193 Spaight Center,Klavdiyevo-Tarasove,Ukraine,,507
735,Berni,Sives,bsiveske@bluehost.com,983-419-7300,41 Ridgeview Way,Llama,Peru,,253
736,Nanni,Schohier,nschohierkf@bbc.co.uk,214-498-0928,941 Maple Wood Hill,Irving,United States,75037,632
737,Norrie,Paine,npainekg@twitpic.com,341-357-6766,486 Corry Road,Saint-Quentin-en-Yvelines,France,78093 CEDEX 9,747
738,Neel,Teall,nteallkh@vinaora.com,865-497-1032,6 Meadow Vale Road,Knoxville,United States,37939,459
739,Jerad,Gibbett,jgibbettki@ycombinator.com,989-817-6274,3 Sundown Lane,Bria,Central African Republic,,980
740,Brear,Warman,bwarmankj@networkadvertising.org,731-726-6299,81091 Huxley Street,Paokmotong Utara,Indonesia,,230
741,Tarrance,Finlason,tfinlasonkk@admin.ch,620-775-6046,8663 Golden Leaf Hill,Bronnitsy,Russia,142451,208
742,Sarette,Enrique,senriquekl@japanpost.jp,725-403-0226,6 Superior Trail,Venda,Portugal,4620-472,191
743,Hayyim,Prester,hpresterkm@nymag.com,401-216-8572,2343 Erie Parkway,Douma,Syria,,383
744,Harlene,Cordel,hcordelkn@nbcnews.com,545-975-3686,52 Oakridge Alley,Klang,Malaysia,41200,733
745,Trumann,Pindell,tpindellko@samsung.com,875-174-6929,013 Judy Street,Rawaglagah,Indonesia,,778
746,Everard,Kilfeather,ekilfeatherkp@engadget.com,301-549-9154,7 Springview Circle,Stockholm,Sweden,118 65,280
747,Maybelle,Geffcock,mgeffcockkq@list-manage.com,353-675-2947,75 Emmet Junction,Lebane,Serbia,,393
748,Brandtr,Nother,bnotherkr@house.gov,476-535-1397,3525 Morningstar Circle,Nueva Gerona,Cuba,,956
749,Collete,Kinchington,ckinchingtonks@miibeian.gov.cn,736-336-5321,44 8th Parkway,Rudy,Poland,47-430,484
750,Donaugh,Bigglestone,dbigglestonekt@lycos.com,842-497-2889,24 Maywood Circle,Pujiang,China,,429
751,Moira,Lavens,mlavensku@bloglovin.com,324-337-6462,785 Mesta Way,Emiliano Zapata,Mexico,30890,136
752,Darb,Ethelstone,dethelstonekv@netvibes.com,696-256-9417,4 Hallows Parkway,Maquanzhen,China,,827
753,Brooke,Gahan,bgahankw@github.com,750-746-0107,28237 Daystar Parkway,Tangxi,China,,429
754,Lurleen,Grimbleby,lgrimblebykx@theguardian.com,935-722-0576,46 Bellgrove Drive,Bålsta,Sweden,746 40,807
755,Ikey,Gain,igainky@unicef.org,575-485-1733,475 Hagan Hill,Tegalgede,Indonesia,,1
756,Binny,Vann,bvannkz@cyberchimps.com,590-963-0654,39 Johnson Crossing,Dabai,Nigeria,,179
757,Jobey,Walbrook,jwalbrookl0@nyu.edu,987-891-5538,48824 Fieldstone Street,Tangpu,China,,611
758,Marco,Burgon,mburgonl1@sogou.com,571-758-8417,5 Farwell Point,Merrifield,United States,22119,584
759,Rivalee,Sego,rsegol2@imgur.com,556-742-6548,512 Sullivan Alley,Banjar Teguan,Indonesia,,950
760,Dode,Kilfeather,dkilfeatherl3@diigo.com,256-879-5337,8571 Oriole Junction,Touama,Morocco,,230
761,Chery,Peskin,cpeskinl4@mac.com,246-234-6243,75 Maple Wood Point,General Arenales,Argentina,6005,444
762,Roze,Blumire,rblumirel5@paginegialle.it,586-797-6347,0 Birchwood Avenue,Itabirito,Brazil,35450-000,858
763,Quillan,Nance,qnancel6@eepurl.com,564-945-5638,6 Valley Edge Drive,Zunilito,Guatemala,10009,270
764,Bevvy,Szymanski,bszymanskil7@toplist.cz,854-898-8768,8 Swallow Lane,Tingsiqiao,China,,446
765,Lesley,Patterson,lpattersonl8@zimbio.com,974-392-5042,11 Manitowish Point,El Fasher,Sudan,,416
766,Bronnie,Garrud,bgarrudl9@com.com,138-706-3313,2 Kingsford Crossing,Daba,China,,57
767,Dietrich,Pegrum,dpegrumla@soup.io,719-744-2305,77419 Dixon Way,Machico,Portugal,9200-088,237
768,Chance,Blinder,cblinderlb@surveymonkey.com,712-271-7559,04 Melody Terrace,Bantawora,Indonesia,,696
769,Helena,Buddle,hbuddlelc@e-recht24.de,961-345-5369,37005 Burning Wood Lane,Augustów,Poland,16-303,489
770,Howard,Shellum,hshellumld@reuters.com,696-521-8223,71 Welch Center,Kiełczów,Poland,55-093,945
771,Lucie,MacCombe,lmaccombele@intel.com,609-616-5547,12 Crescent Oaks Avenue,Trenton,United States,08695,526
772,Tansy,Le Breton De La Vieuville,tlebretondelavieuvillelf@cyberchimps.com,995-110-4159,22552 4th Place,Aksarka,Russia,629620,863
773,Janean,Firbank,jfirbanklg@cbsnews.com,250-851-7008,7684 Main Pass,Xilin,China,,265
774,Loni,Lidden,lliddenlh@dot.gov,700-727-7808,5703 Quincy Alley,Karaidel’,Russia,452394,11
775,Tobi,Ommanney,tommanneyli@dion.ne.jp,877-960-2538,05189 Iowa Place,Duodaoshi,China,,514
776,Gail,Slate,gslatelj@archive.org,183-578-9465,45656 Gerald Center,Zhangshui,China,,160
777,Currey,Stolte,cstoltelk@uol.com.br,736-894-3804,87516 Parkside Court,Banī Walīd,Libya,,654
778,Fabiano,Rolance,frolancell@ca.gov,890-719-8758,797 Sachs Trail,Alcalá,Colombia,762047,69
779,Ursulina,Bessey,ubesseylm@quantcast.com,811-393-8127,673 Erie Park,Oslo,Norway,0620,460
780,Antonius,Sculpher,asculpherln@yellowbook.com,731-673-8635,76 Aberg Road,Korolev,Russia,249087,909
781,Viv,Nathan,vnathanlo@woothemes.com,174-511-5340,12 Anzinger Lane,Ficksburg,South Africa,9732,71
782,Fleurette,Juhruke,fjuhrukelp@amazon.co.uk,718-853-2656,2 Hanson Point,Kampunglistrik,Indonesia,,22
783,Andreas,Hargitt,ahargittlq@bloglovin.com,249-591-1005,82930 Portage Park,Taywanak Ilaya,Philippines,4133,613
784,Eartha,Downgate,edowngatelr@slate.com,465-807-3890,7421 Dawn Parkway,Nobo,Indonesia,,188
785,Noella,Hullins,nhullinsls@instagram.com,720-525-3329,5637 Mendota Street,Pu’an,China,,126
786,Cati,Trammel,ctrammellt@webmd.com,176-915-4223,2558 Becker Plaza,Yangba,China,,324
787,Daren,Hackett,dhackettlu@yolasite.com,249-161-8705,29235 Eastwood Hill,Luorong,China,,109
788,Grove,Canadas,gcanadaslv@ucla.edu,731-874-7367,16927 Del Sol Alley,Takayama,Japan,999-0141,685
789,Kristen,Cecere,kcecerelw@intel.com,204-839-5362,402 Almo Street,Xomong,China,,169
790,Merry,Donet,mdonetlx@xing.com,636-480-2535,55690 Tony Avenue,Akademgorodok,Russia,453019,675
791,Hedwiga,Magowan,hmagowanly@webeden.co.uk,222-651-3509,718 Mosinee Crossing,Hekou,China,,750
792,Dan,Macvain,dmacvainlz@about.com,417-841-3806,1380 Nobel Place,Baardheere,Somalia,,987
793,Novelia,Paraman,nparamanm0@cbslocal.com,908-493-1837,92744 Grim Alley,Sonsón,Colombia,054829,726
794,Calypso,Kelley,ckelleym1@ted.com,104-796-2477,58329 Anhalt Road,Janagdong,Philippines,1808,237
795,Hubert,Fontin,hfontinm2@yelp.com,960-562-7374,79 Grasskamp Lane,Ashgabat,Turkmenistan,,778
796,Veronika,Martt,vmarttm3@examiner.com,851-782-8748,538 Montana Avenue,Nacala,Mozambique,,619
797,Judah,Gapper,jgapperm4@google.com.hk,720-440-1285,1 Sunnyside Terrace,Huangbao,China,,631
798,Silvio,Cardenosa,scardenosam5@ezinearticles.com,967-492-1098,896 Eagle Crest Parkway,Gogosuket,Indonesia,,343
799,Cristian,O'Carran,cocarranm6@live.com,422-217-8470,7 Utah Point,Oborniki Śląskie,Poland,55-120,246
800,Dulcea,Vuitte,dvuittem7@g.co,943-225-5281,1823 Hintze Parkway,Sagaing,Myanmar,,795
801,Griff,Strephan,gstrephanm8@cdc.gov,940-888-8060,411 Mitchell Circle,Troyan,Bulgaria,5667,952
802,Freddie,Geaves,fgeavesm9@g.co,285-633-7376,18 Dorton Circle,Makariv,Ukraine,,371
803,Tamiko,Waterhowse,twaterhowsema@time.com,993-949-6113,5547 Westerfield Road,De la Paz,Philippines,6337,787
804,Rakel,Twelve,rtwelvemb@devhub.com,295-682-4934,2 Walton Point,Jiaoba,China,,99
805,Durante,Spadeck,dspadeckmc@washingtonpost.com,813-186-0029,19 Granby Alley,Enskede,Sweden,122 66,497
806,Lem,Soppitt,lsoppittmd@eepurl.com,365-297-6990,742 Victoria Trail,Texistepeque,El Salvador,,612
807,Wyatan,Dow,wdowme@dyndns.org,537-499-8451,947 Rigney Street,Menghai,China,,41
808,Tiena,Eliasson,teliassonmf@state.gov,658-652-2417,0 Lukken Circle,Cachada,Portugal,4615-178,343
809,Alecia,Freschi,afreschimg@squarespace.com,459-808-0761,060 Sutteridge Lane,Torez,Ukraine,,161
810,Cate,Brundale,cbrundalemh@issuu.com,388-598-2986,282 Dayton Road,Polomolok,Philippines,9504,151
811,Charita,McQuilty,cmcquiltymi@fda.gov,826-690-2969,0093 Ramsey Junction,Jianghua,China,,631
812,Alvina,Houlworth,ahoulworthmj@army.mil,764-912-2932,53 Calypso Avenue,Pouso Alegre,Brazil,37550-000,681
813,Nona,Ridler,nridlermk@china.com.cn,183-547-2067,0 Northland Street,Zebrzydowice,Poland,43-410,51
814,Bertha,Spilsbury,bspilsburyml@example.com,585-744-2026,8 Calypso Road,Las Breñas,Argentina,3722,998
815,Gaylord,Croose,gcroosemm@hibu.com,421-644-7681,1475 Cordelia Center,Wysoka,Poland,89-320,44
816,Moises,Glancy,mglancymn@umn.edu,264-931-7303,81138 Shoshone Crossing,Zhongzhai,China,,839
817,Modesty,Inskipp,minskippmo@wikia.com,900-638-4326,38 Novick Pass,Shijiao,China,,885
818,Clemens,Mullaney,cmullaneymp@ftc.gov,617-691-9013,5072 Victoria Circle,Brejoeira,Portugal,2860-310,639
819,Vasilis,Brinkler,vbrinklermq@phoca.cz,333-964-8689,4 Warrior Drive,Linhares,Portugal,4620-620,269
820,Siward,Speariett,sspeariettmr@webnode.com,812-802-8855,38413 Blue Bill Park Hill,Corujeira,Portugal,3070-106,1000
821,Antonina,Kettel,akettelms@webs.com,847-437-6375,0 Di Loreto Place,Osekovo,Croatia,44317,130
822,Mufi,Whickman,mwhickmanmt@homestead.com,152-598-0810,847 Hudson Road,Bhola,Bangladesh,3633,160
823,Humfried,O'Neal,honealmu@networksolutions.com,681-856-4075,69 7th Park,Próchoma,Greece,,18
824,Burton,Miliffe,bmiliffemv@printfriendly.com,567-541-2614,64 Atwood Park,Nouvelle France,Mauritius,,772
825,Cherrita,Ohrt,cohrtmw@51.la,351-653-3921,5111 Jana Plaza,Xingdian,China,,425
826,Margaret,Peniello,mpeniellomx@bing.com,329-919-9561,3822 Dayton Hill,Sbo’o,Indonesia,,994
827,Nickie,Domenicone,ndomeniconemy@theglobeandmail.com,793-838-6336,75 Forest Run Hill,Janas,Portugal,2710-257,990
828,Rici,Dalziell,rdalziellmz@examiner.com,338-832-5550,3 Pankratz Road,Przeworsk,Poland,37-240,686
829,Anya,Marie,amarien0@macromedia.com,374-707-3482,4 Golf Alley,Kherson,Ukraine,,19
830,Eba,Slessar,eslessarn1@xrea.com,568-891-7255,8 Green Ridge Parkway,Xiaochuan,China,,195
831,Fifi,Offord,foffordn2@ezinearticles.com,389-756-4648,872 Myrtle Street,Bayanbaogede,China,,91
832,Dominique,Davion,ddavionn3@tripadvisor.com,663-346-5743,1724 Mariners Cove Center,Czarna Białostocka,Poland,16-020,48
833,Anabella,Coverdale,acoverdalen4@ycombinator.com,299-143-5940,02 Manufacturers Terrace,Tsaritsyno,Russia,142717,55
834,Fergus,Bortolazzi,fbortolazzin5@creativecommons.org,391-189-6746,741 Gina Hill,Parigi,Indonesia,,135
835,Vivian,Smythin,vsmythinn6@nydailynews.com,181-505-7321,2 Longview Avenue,Kawangkoan,Indonesia,,46
836,Desiri,Marsh,dmarshn7@typepad.com,876-990-5295,36254 Mosinee Trail,Diepsloot,South Africa,0159,262
837,Isobel,Davern,idavernn8@businessweek.com,147-776-8092,064 Prentice Junction,Villa Serrano,Bolivia,,118
838,Derick,Tulleth,dtullethn9@amazon.co.uk,172-391-3668,49 Lake View Trail,Bera,Bangladesh,6680,870
839,Nels,Bamling,nbamlingna@google.com.au,790-477-5901,19 Grover Drive,Albacete,Spain,02070,497
840,Piper,Castillou,pcastillounb@hatena.ne.jp,198-422-7484,060 Banding Hill,Węgry,Poland,46-022,685
841,Nichole,Kernoghan,nkernoghannc@is.gd,837-595-6380,61 Twin Pines Point,Sihai,China,,905
842,Dicky,Garmon,dgarmonnd@reuters.com,272-320-2902,75 Longview Drive,Huangtu,China,,363
843,Atlanta,Batthew,abatthewne@statcounter.com,234-932-7430,64 Kensington Road,Invermere,Canada,J1K,87
844,Alwin,Boylund,aboylundnf@t.co,745-194-8531,1 Onsgard Crossing,Carhuac,Peru,,782
845,Mariquilla,Huck,mhuckng@pinterest.com,932-148-2695,598 Banding Trail,Wanju,South Korea,,931
846,Jillayne,Rosenthal,jrosenthalnh@etsy.com,661-952-7367,5 Westport Pass,Gunungkencana,Indonesia,,50
847,Agata,Drane,adraneni@upenn.edu,371-812-1665,6 Melby Pass,Zhlobin,Belarus,,722
848,Dall,Dimitriou,ddimitriounj@netscape.com,121-112-9302,0 Starling Center,Longgao,China,,249
849,Edmon,Lomasna,elomasnank@etsy.com,494-377-6758,36 Granby Road,Sanrao,China,,340
850,Krystal,Kelcey,kkelceynl@sina.com.cn,359-319-3323,40 Bunker Hill Crossing,Ambanja,Madagascar,,944
851,Walton,Drynan,wdrynannm@taobao.com,713-266-3253,6 Carpenter Crossing,Houston,United States,77085,201
852,Brion,Kerrich,bkerrichnn@tripadvisor.com,804-968-0923,4025 Fordem Crossing,Rublëvo,Russia,164012,1
853,Niki,Keppe,nkeppeno@earthlink.net,667-316-1055,179 Spohn Alley,Basarabeasca,Moldova,MD-6425,943
854,Bunni,Scherme,bschermenp@narod.ru,326-545-6881,4 Hazelcrest Lane,Bakungan,Indonesia,,572
855,Luce,O'Hallihane,lohallihanenq@twitpic.com,609-663-0742,5 Maryland Road,Ipiales,Colombia,524078,254
856,Piotr,Aucourte,paucourtenr@mayoclinic.com,876-127-8223,282 Maple Street,Pshekhskaya,Russia,352604,514
857,Birgit,Baldin,bbaldinns@smugmug.com,823-207-2290,15232 Prairie Rose Point,Borbon,Philippines,6008,263
858,Veda,Pellingar,vpellingarnt@behance.net,442-308-4024,54926 6th Terrace,Tiechanggou,China,,368
859,Maryanne,Wilfling,mwilflingnu@stumbleupon.com,586-731-3051,47 Bobwhite Alley,Krzepice,Poland,42-160,377
860,Carney,Slimme,cslimmenv@aol.com,161-131-2195,9 Orin Trail,Barkol,China,,46
861,Elga,Calafate,ecalafatenw@yahoo.co.jp,953-555-7886,170 Nevada Circle,Alajuela,Costa Rica,20101,697
862,Desdemona,Dufoure,ddufourenx@eventbrite.com,465-384-4129,1913 Charing Cross Court,Pau,France,64017 CEDEX 9,283
863,Sylvan,Ealles,seallesny@reverbnation.com,266-383-3476,9 Maple Junction,Mengyin,China,,593
864,Brandea,McIlenna,bmcilennanz@fda.gov,971-964-7778,37 Crescent Oaks Circle,Hepingjie,China,,548
865,Jens,Condy,jcondyo0@umich.edu,899-984-4154,9 Namekagon Junction,Luar,Indonesia,,324
866,Sally,Balsellie,sbalsellieo1@discuz.net,816-912-6102,157 Lukken Court,Ubatã,Brazil,45550-000,300
867,Nikolos,Longmore,nlongmoreo2@dailymail.co.uk,137-554-7950,871 Elmside Avenue,Carandaí,Brazil,36280-000,203
868,Sadella,Johnston,sjohnstono3@gnu.org,955-365-6090,9 Rusk Alley,Kiryandongo,Uganda,,303
869,Sven,Sappy,ssappyo4@who.int,402-788-0067,125 Browning Hill,Comagascas,Philippines,1950,709
870,Shelby,Pontin,spontino5@mysql.com,247-904-9610,728 Delaware Point,Hammam Sousse,Tunisia,,217
871,Anderea,O'dell,aodello6@wired.com,962-829-3409,719 Old Shore Pass,Usuki,Japan,890-0073,129
872,Lizabeth,Dibdale,ldibdaleo7@youtube.com,108-377-7711,5769 Mifflin Park,Velké Opatovice,Czech Republic,679 63,712
873,Karrah,Massei,kmasseio8@auda.org.au,355-812-8007,22 Hermina Drive,Salimbao,Philippines,1067,552
874,Sigismund,Libbey,slibbeyo9@altervista.org,315-481-3518,82 Dexter Point,Deskle,Slovenia,5210,121
875,Moyna,Tumielli,mtumiellioa@economist.com,863-218-9766,9 Sundown Drive,Konosha,Russia,164010,432
876,Valle,O'Feeney,vofeeneyob@indiatimes.com,250-682-2941,14012 Kim Alley,Tangzhuang,China,,62
877,Damaris,Marley,dmarleyoc@nature.com,647-282-3826,3470 Lighthouse Bay Circle,Xianbao,China,,172
878,Georgena,Graeme,ggraemeod@bloglines.com,998-669-1301,807 Stephen Drive,Magatos,Philippines,8113,827
879,Nesta,Eastgate,neastgateoe@github.io,836-175-5553,63310 Drewry Center,Mansilingan,Philippines,6129,623
880,Alidia,Milward,amilwardof@loc.gov,793-803-4631,81462 Comanche Point,Slobodnica,Croatia,35252,351
881,Daron,Gartenfeld,dgartenfeldog@oakley.com,490-693-8938,85841 Grayhawk Trail,Kakanj,Bosnia and Herzegovina,,920
882,Lilia,Purcell,lpurcelloh@home.pl,125-229-1016,9296 Calypso Lane,Pakuncen,Indonesia,,166
883,Gwendolen,Morteo,gmorteooi@webmd.com,390-704-7942,101 Village Junction,Nyandoma,Russia,164200,875
884,Constantina,Spencelayh,cspencelayhoj@seattletimes.com,997-804-4826,322 Debra Plaza,Geneng,Indonesia,,587
885,Lia,L'oiseau,lloiseauok@loc.gov,735-344-0383,60603 Trailsway Place,Siverskiy,Russia,188355,540
886,Odelle,Ewdale,oewdaleol@washingtonpost.com,334-492-6929,0561 Delaware Terrace,Nova Odessa,Brazil,13460-000,278
887,Nerissa,Bourges,nbourgesom@nsw.gov.au,354-456-2995,2 Bultman Plaza,Leskovac,Serbia,,198
888,Augustine,Moline,amolineon@patch.com,616-306-2873,1 Stoughton Trail,Grand Rapids,United States,49518,703
889,Gabriellia,Goman,ggomanoo@list-manage.com,100-843-9461,64 Clarendon Way,Kiruru,Indonesia,,556
890,Eleonore,Base,ebaseop@angelfire.com,586-646-0752,1 Loeprich Terrace,Kobarid,Slovenia,5222,240
891,Patrizius,Toppes,ptoppesoq@nature.com,328-176-0128,3 Old Shore Pass,Serra de Santa Marinha,Portugal,3080-570,461
892,Celle,Bradie,cbradieor@nyu.edu,917-109-5662,86 Beilfuss Terrace,Igbo-Ukwu,Nigeria,,493
893,Shelby,Lawrey,slawreyos@vistaprint.com,599-166-8141,2225 Rockefeller Drive,Illkirch-Graffenstaden,France,67404 CEDEX,357
894,Drake,Iddenden,diddendenot@github.io,732-651-4705,054 Morrow Lane,Banjar Asahduren,Indonesia,,928
895,Basilius,De Mattia,bdemattiaou@prnewswire.com,122-884-6219,0 Hooker Street,Valerianovsk,Russia,624365,908
896,Kiel,Fearon,kfearonov@prnewswire.com,101-979-5707,0646 Vermont Crossing,Mañazo,Peru,,97
897,Laurie,Barabich,lbarabichow@businessweek.com,819-853-3997,91617 Kim Terrace,Damasak,Nigeria,,43
898,Diannne,Farthing,dfarthingox@so-net.ne.jp,372-338-4986,39550 Manley Circle,Gongjiang,China,,868
899,Imelda,Pagnin,ipagninoy@artisteer.com,915-738-8178,16 West Trail,El Paso,United States,79945,675
900,Marietta,Rugieri,mrugierioz@loc.gov,685-390-3157,576 Gerald Court,Sadao,Thailand,56000,593
901,Leanor,Frango,lfrangop0@instagram.com,928-979-0481,12 Rusk Plaza,Huangzhu,China,,470
902,Gertie,Lorriman,glorrimanp1@google.com.hk,461-947-3543,0309 Ridgeway Alley,Pasarkuok,Indonesia,,206
903,Nanon,Polak,npolakp2@newsvine.com,218-651-9703,87 Talisman Alley,Qinā,Egypt,,469
904,Opaline,Quarrell,oquarrellp3@ucoz.ru,617-971-9751,0 Loomis Court,Lynn,United States,01905,483
905,Gabey,Igo,gigop4@webs.com,375-556-0689,8739 Evergreen Plaza,Surkhakhi,Russia,386147,543
906,Gretta,Carverhill,gcarverhillp5@behance.net,322-728-5847,9465 Maple Wood Point,Kalmar,Sweden,391 84,392
907,Rodrick,Josebury,rjoseburyp6@pen.io,246-548-2411,78 Valley Edge Road,Otrado-Kubanskoye,Russia,352189,387
908,Liza,Cranstone,lcranstonep7@seattletimes.com,851-215-1017,61 Bowman Lane,Bima,Indonesia,,570
909,Jeana,Kilfether,jkilfetherp8@icio.us,218-811-0297,1662 Hoepker Terrace,Banpu,China,,73
910,Alexandro,Spittal,aspittalp9@artisteer.com,122-954-8737,34707 Prairie Rose Way,Phu Sang,Thailand,63120,960
911,Austin,Clemenzi,aclemenzipa@woothemes.com,112-675-0765,405 Vermont Circle,Tucuran,Philippines,7019,861
912,Kerrie,Stace,kstacepb@earthlink.net,652-798-9759,20 Bartelt Parkway,Bandaran,Indonesia,,84
913,Rockey,Benoy,rbenoypc@craigslist.org,682-232-7191,2 Arrowood Court,Diwopu,China,,28
914,Iorgos,Keslake,ikeslakepd@photobucket.com,696-795-1054,59 Judy Trail,Waina,China,,617
915,Katrine,Heliar,kheliarpe@indiatimes.com,906-798-7836,40 Union Road,Makiwalo,Philippines,1743,212
916,Anabella,Gavrielly,agavriellypf@dion.ne.jp,557-713-7923,8373 Cottonwood Parkway,Paris 02,France,75075 CEDEX 02,360
917,Sheffield,Abbis,sabbispg@flickr.com,712-496-6495,801 Graedel Park,Uitiuhtuan,Indonesia,,162
918,Dacie,MacMaster,dmacmasterph@i2i.jp,636-325-5985,5648 Carpenter Junction,Xagmakajor,China,,395
919,Geri,Petrosian,gpetrosianpi@utexas.edu,911-902-3105,54701 Acker Point,Bijeli,Indonesia,,706
920,Krisha,Shewon,kshewonpj@domainmarket.com,707-133-6896,1 Loeprich Junction,Batticaloa,Sri Lanka,30000,895
921,Blisse,Davie,bdaviepk@harvard.edu,538-625-9272,0 Quincy Avenue,Plácido de Castro,Brazil,69928-000,724
922,Clarisse,Steers,csteerspl@springer.com,841-854-7115,55296 Forest Dale Center,Ōiso,Japan,259-1220,407
923,Emelda,Darree,edarreepm@1und1.de,258-966-1297,1 Mccormick Avenue,Uglovoye,Russia,694222,728
924,Karine,Bayldon,kbayldonpn@icq.com,974-249-3603,70660 Mcbride Road,Dolna Banya,Bulgaria,2040,630
925,Greggory,Carruthers,gcarrutherspo@sbwire.com,544-654-5943,31 Hollow Ridge Trail,Obando,Colombia,762507,523
926,Dewain,Shallcroff,dshallcroffpp@mapquest.com,829-213-7510,4 Talmadge Way,Silago,Philippines,6607,135
927,Leisha,Piscopo,lpiscopopq@behance.net,109-827-4161,930 Brentwood Avenue,Magugu,Tanzania,,126
928,Alfonso,Labes,alabespr@e-recht24.de,195-666-7031,62160 Superior Court,Mortka,Russia,628206,138
929,Jesus,Hovey,jhoveyps@google.pl,451-603-9554,2 Monterey Street,Rios Frios,Portugal,3025-610,932
930,Babara,Jeannard,bjeannardpt@fda.gov,206-335-3711,61 Everett Hill,Nicosia,Cyprus,,420
931,Rafaelita,Lebel,rlebelpu@baidu.com,936-878-8661,6999 Pennsylvania Alley,Gjinkar,Albania,,444
932,Katusha,Deer,kdeerpv@icq.com,337-364-7579,6020 Blaine Alley,Tonantins,Brazil,69685-000,492
933,Hershel,Shelf,hshelfpw@weebly.com,536-425-6991,18 Bunting Junction,Rzyki,Poland,34-125,260
934,Diarmid,Vaan,dvaanpx@china.com.cn,612-987-5942,4580 Mccormick Center,Śmiłowo,Poland,64-810,237
935,Nola,St. Pierre,nstpierrepy@example.com,691-128-7841,0 Caliangt Avenue,Baisha,China,,85
936,Brigham,Whettleton,bwhettletonpz@columbia.edu,789-140-4075,67 Northridge Lane,Vimmerby,Sweden,598 93,739
937,Wren,Salerg,wsalergq0@fc2.com,730-937-9694,4 Mockingbird Place,Chornoliztsi,Ukraine,,491
938,Ignazio,Brundrett,ibrundrettq1@networkadvertising.org,473-297-2974,3792 Blue Bill Park Road,Niamey,Niger,,233
939,Homerus,Beamand,hbeamandq2@arizona.edu,188-851-8476,822 Rockefeller Park,Toluviejo,Colombia,707037,255
940,Meir,Lanphier,mlanphierq3@networksolutions.com,658-718-3851,88251 School Pass,Manjing,China,,765
941,Margalo,Barrett,mbarrettq4@geocities.jp,686-725-0089,58255 Lunder Street,Izyum,Ukraine,,51
942,Reggi,Darley,rdarleyq5@dot.gov,773-996-7514,2 Donald Trail,Omsk,Russia,644000,619
943,Eartha,Marishenko,emarishenkoq6@google.ru,579-561-2672,548 Toban Alley,Aral,China,,721
944,Gretel,Stearn,gstearnq7@nsw.gov.au,455-275-7732,6 Mifflin Place,Xiaomei,China,,191
945,Garvey,Meenehan,gmeenehanq8@taobao.com,854-377-6187,4139 Pleasure Trail,Kombapari,Indonesia,,951
946,Harald,Sheppey,hsheppeyq9@geocities.com,316-149-5430,39534 Anzinger Junction,La Sierpe,Cuba,,703
947,Tilda,Solon,tsolonqa@furl.net,300-961-2021,1252 Forest Run Drive,Magsalangi,Philippines,2624,436
948,Sanders,Hynes,shynesqb@usnews.com,647-150-0612,78998 Gateway Center,Nong Ki,Thailand,31210,805
949,Brina,Brayley,bbrayleyqc@photobucket.com,256-500-7138,7 Cherokee Terrace,Huntsville,United States,35805,321
950,Regan,Smurfitt,rsmurfittqd@imageshack.us,478-518-7211,08477 Forster Place,Janów,Poland,42-253,966
951,Romonda,Parysiak,rparysiakqe@ameblo.jp,173-554-5970,7625 Hollow Ridge Hill,San Antonio,Chile,,986
952,Vivienne,Beevens,vbeevensqf@discovery.com,352-710-9951,5 Crowley Parkway,Manika,Philippines,7005,831
953,Free,Nattriss,fnattrissqg@prweb.com,640-917-4664,13598 Knutson Avenue,Shenavan,Armenia,,408
954,Ashton,Agate,aagateqh@spiegel.de,922-837-4059,16 Hintze Drive,Oshawa,Canada,L1K,74
955,Godiva,Hodge,ghodgeqi@cyberchimps.com,518-301-3975,00351 Straubel Road,Mayakovski,Armenia,,305
956,Lona,Arrell,larrellqj@dot.gov,801-991-2874,005 Stephen Place,Logroño,Spain,26005,164
957,Rosella,Scroyton,rscroytonqk@cbc.ca,489-550-8177,35379 Amoth Crossing,Jiangluo,China,,616
958,Vite,Persse,vpersseql@nsw.gov.au,964-734-9465,79 1st Drive,Taverny,France,95154 CEDEX,548
959,Chaddy,Yablsley,cyablsleyqm@unblog.fr,890-540-8587,321 Luster Hill,Koryukivka,Ukraine,,922
960,Hilly,Piggen,hpiggenqn@phpbb.com,735-655-0953,86513 Sycamore Alley,Nanshi,China,,568
961,Constantino,Buglass,cbuglassqo@prlog.org,142-306-7238,558 Farwell Crossing,Oeri’u,Indonesia,,55
962,Waylen,Yokelman,wyokelmanqp@devhub.com,597-231-5232,26845 Hudson Center,Afántou,Greece,,294
963,Carry,Gillopp,cgilloppqq@msu.edu,260-912-7220,4378 Blackbird Terrace,Yug,Russia,614534,454
964,Abey,Bugge,abuggeqr@jimdo.com,542-536-3364,80862 Old Shore Circle,Staritsa,Russia,171399,203
965,Wendy,Fremantle,wfremantleqs@blogspot.com,693-633-6850,4 Carberry Road,Sigu,China,,594
966,Cornelle,Viegas,cviegasqt@goodreads.com,445-132-0199,46 Sutteridge Lane,Selasari,Indonesia,,643
967,Anita,Connechy,aconnechyqu@google.co.uk,174-436-5034,63 Rieder Pass,Kajaani,Finland,87900,191
968,Redford,Dechelle,rdechelleqv@printfriendly.com,680-875-5186,8 Butternut Park,Lhuentse,Bhutan,,275
969,Danna,Powderham,dpowderhamqw@jalbum.net,986-633-5257,19373 New Castle Circle,Tancheng,China,,680
970,Alica,Locock,alocockqx@harvard.edu,110-941-7725,9410 Lunder Plaza,Lidingö,Sweden,181 85,230
971,Eyde,Waberer,ewabererqy@amazon.com,582-681-5151,8399 Darwin Park,Buang,Philippines,1224,572
972,Mara,O'Dreain,modreainqz@walmart.com,853-499-4965,3459 Vera Avenue,Japeri,Brazil,26400-000,792
973,Corabella,Prati,cpratir0@mediafire.com,805-771-6231,0 Fairview Hill,Dalong,Indonesia,,197
974,Mathias,Negus,mnegusr1@wikipedia.org,717-424-0328,27 Kinsman Place,Itaúna,Brazil,35680-000,399
975,Norris,Tills,ntillsr2@usa.gov,462-471-9674,75658 Coolidge Road,Hatavch,Mongolia,,886
976,Ashlin,Hullah,ahullahr3@imageshack.us,579-850-8973,4206 Burning Wood Lane,Shetangpo,China,,766
977,Becka,Woolvin,bwoolvinr4@globo.com,513-404-2981,1 Russell Way,Presidencia Roque Sáenz Peña,Argentina,5444,386
978,Gladys,Rosita,grositar5@comcast.net,557-490-0438,5769 Jana Junction,Picassinos,Portugal,2430-418,242
979,Herbie,Tappington,htappingtonr6@netlog.com,715-728-9135,13711 Warrior Center,Nacaome,Honduras,,279
980,Sargent,Heselwood,sheselwoodr7@yahoo.co.jp,562-625-0304,5 Meadow Ridge Avenue,Borovskiy,Russia,625504,589
981,Heidie,De Mico,hdemicor8@reference.com,101-773-8654,366 Delaware Road,Yerofey Pavlovich,Russia,676000,266
982,Darell,Shurey,dshureyr9@canalblog.com,279-496-1167,62133 Chive Center,Jialai,China,,912
983,Agretha,Riping,aripingra@accuweather.com,478-179-4324,49125 Vermont Place,Cimuncang,Indonesia,,211
984,Alyssa,Deerness,adeernessrb@state.tx.us,929-644-0986,5178 David Court,Acli,Philippines,1470,292
985,Krispin,Gullan,kgullanrc@nymag.com,799-865-5081,2 Mariners Cove Road,Miraflores,Peru,,543
986,Kingsley,Hasney,khasneyrd@last.fm,658-151-3087,0 Blue Bill Park Lane,Tomaševac,Serbia,,390
987,Yorker,Richel,yrichelre@goo.gl,587-685-0930,0380 Dottie Junction,Guantian,China,,548
988,Ed,Spinley,espinleyrf@sogou.com,722-496-4273,4 Reindahl Circle,Khotsimsk,Belarus,,349
989,Farleigh,Haveline,fhavelinerg@wunderground.com,229-947-7658,144 Eliot Center,Skoghall,Sweden,663 30,925
990,Johnette,Chestnutt,jchestnuttrh@google.it,965-491-3393,8345 North Park,Kiełczów,Poland,55-093,201
991,Sherm,Spon,ssponri@live.com,117-253-1847,3812 Chinook Place,Growong Kidul,Indonesia,,988
992,Bevan,Mulvenna,bmulvennarj@bluehost.com,238-824-9542,016 Susan Plaza,Sinamar,Philippines,1230,64
993,Lynnett,Cescot,lcescotrk@1688.com,550-341-7138,158 Utah Drive,Bogra,Bangladesh,4520,831
994,Dacy,Souness,dsounessrl@zimbio.com,940-441-9059,780 Barnett Drive,Jinchuan,China,,441
995,Kassey,Bearsmore,kbearsmorerm@theglobeandmail.com,350-361-3268,13 Killdeer Parkway,Tsuen Wan,Hong Kong,,461
996,Aile,Eisikovitsh,aeisikovitshrn@wikipedia.org,146-180-0873,13352 Division Place,Mawlamyine,Myanmar,,962
997,Augusta,Keasy,akeasyro@paginegialle.it,369-120-4575,18083 Ronald Regan Circle,Yongfeng,China,,268
998,Clemmy,Paulich,cpaulichrp@moonfruit.com,872-448-8024,81102 Warbler Center,Devin,Bulgaria,4815,38
999,Gerrilee,Kevlin,gkevlinrq@accuweather.com,282-502-4511,72235 Banding Road,Berëzovyy,Russia,682738,500
1000,Augusto,Marginson,amarginsonrr@com.com,145-512-3031,623 High Crossing Court,Kelapa,Indonesia,,95
